date,ICT Liquidity Sweep,Trend Following (EMA+ADX),Mean Reversion (RSI+BB),Breakout (20d Range)
2021-07-09,10000.00,10000.00,10000.00,10000.00
2021-07-10,10000.00,10000.00,10000.00,10000.00
2021-07-11,10000.00,10000.00,10000.00,10000.00
2021-07-12,10000.00,10000.00,10000.00,10000.00
2021-07-13,10000.00,8006.40,10000.00,10000.00
2021-07-14,7941.92,7948.21,10000.00,10000.00
2021-07-15,9913.55,7919.78,10000.00,10000.00
2021-07-16,7939.98,7928.63,10000.00,10000.00
2021-07-17,7956.38,7944.48,10000.00,10000.00
2021-07-18,9878.55,7885.95,10000.00,10000.00
2021-07-19,9878.55,7821.72,10000.00,8783.11
2021-07-20,9878.55,10036.51,10000.00,8872.53
2021-07-21,9878.55,8044.05,10000.00,8878.63
2021-07-22,9878.55,8127.44,10000.00,8929.69
2021-07-23,9878.55,8167.60,10000.00,8954.28
2021-07-24,9878.55,9835.24,10000.00,8995.76
2021-07-25,9878.55,9835.24,10000.00,9755.02
2021-07-26,9878.55,9835.24,10000.00,8894.99
2021-07-27,9878.55,9835.24,10000.00,8908.07
2021-07-28,7902.87,7868.21,10000.00,8908.09
2021-07-29,9769.88,7976.39,10000.00,8962.11
2021-07-30,9769.88,7939.18,10000.00,8943.53
2021-07-31,7740.34,7860.36,10000.00,9818.86
2021-08-01,9879.00,7825.37,10000.00,9818.86
2021-08-02,9879.00,7777.74,10000.00,9818.86
2021-08-03,9879.00,7853.87,10000.00,9818.86
2021-08-04,9879.00,9877.41,10000.00,9818.86
2021-08-05,9879.00,8330.26,10000.00,9818.86
2021-08-06,9879.00,8400.45,10000.00,9222.62
2021-08-07,9879.00,8369.04,10000.00,9211.15
2021-08-08,9767.88,8467.01,10000.00,9246.92
2021-08-09,9767.88,8439.52,10000.00,9236.88
2021-08-10,7812.41,8437.76,10000.00,9236.24
2021-08-11,7763.95,10018.01,10000.00,9841.69
2021-08-12,9672.27,8420.40,10000.00,9841.69
2021-08-13,9672.27,8391.93,10000.00,9841.69
2021-08-14,7734.28,8388.57,10000.00,9841.69
2021-08-15,7689.57,10076.51,10000.00,9841.69
2021-08-16,9771.56,8216.72,10000.00,9841.69
2021-08-17,9771.56,8217.91,10000.00,9841.69
2021-08-18,9771.56,8298.61,10000.00,9841.69
2021-08-19,9771.56,8400.14,10000.00,9841.69
2021-08-20,9771.56,8381.66,10000.00,9841.69
2021-08-21,7834.12,8398.29,10000.00,9841.69
2021-08-22,7843.37,8407.41,10000.00,9841.69
2021-08-23,7770.16,10146.02,10000.00,9841.69
2021-08-24,7822.39,10146.02,10000.00,9841.69
2021-08-25,9852.17,10146.02,10000.00,9841.69
2021-08-26,9852.17,10146.02,10000.00,9841.69
2021-08-27,9852.17,10146.02,10000.00,9841.69
2021-08-28,9852.17,10146.02,10000.00,9841.69
2021-08-29,9852.17,10146.02,10000.00,9841.69
2021-08-30,9852.17,10146.02,10000.00,9841.69
2021-08-31,9852.17,10146.02,10000.00,9841.69
2021-09-01,9852.17,10146.02,10000.00,9841.69
2021-09-02,9852.17,10146.02,10000.00,9841.69
2021-09-03,9852.17,10146.02,10000.00,9841.69
2021-09-04,9852.17,10146.02,10000.00,9841.69
2021-09-05,9852.17,10146.02,10000.00,9841.69
2021-09-06,9852.17,10146.02,10000.00,9841.69
2021-09-07,9852.17,10146.02,10000.00,9841.69
2021-09-08,9852.17,10146.02,10000.00,9841.69
2021-09-09,9852.17,10146.02,10000.00,9841.69
2021-09-10,9852.17,10146.02,10000.00,9841.69
2021-09-11,9852.17,10146.02,10000.00,9841.69
2021-09-12,9852.17,10146.02,10000.00,9841.69
2021-09-13,7976.86,10146.02,10000.00,9841.69
2021-09-14,9991.97,10146.02,10000.00,9841.69
2021-09-15,9991.97,10146.02,10000.00,9841.69
2021-09-16,9991.97,10146.02,10000.00,9841.69
2021-09-17,9991.97,10146.02,10000.00,9841.69
2021-09-18,9991.97,10146.02,10000.00,9841.69
2021-09-19,9991.97,10146.02,10000.00,9841.69
2021-09-20,9991.97,10146.02,10000.00,8952.60
2021-09-21,9991.97,10146.02,10000.00,9009.06
2021-09-22,9991.97,10146.02,10000.00,9035.02
2021-09-23,9991.97,10146.02,10000.00,8994.73
2021-09-24,9991.97,10146.02,10000.00,8992.24
2021-09-25,9991.97,8424.05,10000.00,9001.69
2021-09-26,9991.97,8382.71,10000.00,9856.23
2021-09-27,9991.97,8336.61,10000.00,9856.23
2021-09-28,9991.97,8356.29,10000.00,9856.23
2021-09-29,10102.14,8449.63,10000.00,9856.23
2021-09-30,10102.14,9924.16,10000.00,9856.23
2021-10-01,10102.14,9924.16,10000.00,9856.23
2021-10-02,10102.14,9924.16,10000.00,9856.23
2021-10-03,10102.14,9924.16,10000.00,9856.23
2021-10-04,10102.14,9924.16,10000.00,9856.23
2021-10-05,10102.14,8087.37,10000.00,9055.73
2021-10-06,10102.14,10012.53,10000.00,9894.74
2021-10-07,10102.14,8029.20,10000.00,9894.74
2021-10-08,8119.86,8066.87,10000.00,9894.74
2021-10-09,8109.83,8056.96,10000.00,9894.74
2021-10-10,9969.20,8160.43,10000.00,9894.74
2021-10-11,9969.20,10094.37,10000.00,9894.74
2021-10-12,9969.20,8124.45,10000.00,9894.74
2021-10-13,9969.20,8124.09,10000.00,9894.74
2021-10-14,9818.84,8280.01,10000.00,9894.74
2021-10-15,9818.84,8250.92,10000.00,9302.86
2021-10-16,9818.84,8274.09,10000.00,9308.95
2021-10-17,9818.84,8292.74,10000.00,9313.85
2021-10-18,9818.84,8373.69,10000.00,9335.12
2021-10-19,9818.84,8436.30,10000.00,9351.57
2021-10-20,9818.84,10320.48,10000.00,9316.18
2021-10-21,9818.84,8203.68,10000.00,9301.11
2021-10-22,9818.84,8224.21,10000.00,9306.98
2021-10-23,9818.84,8209.31,10000.00,9302.72
2021-10-24,9818.84,8283.06,10000.00,9908.03
2021-10-25,9818.84,8191.15,10000.00,9908.03
2021-10-26,9818.84,8129.80,10000.00,9908.03
2021-10-27,9818.84,8200.91,10000.00,9908.03
2021-10-28,9818.84,8256.33,10000.00,9908.03
2021-10-29,9818.84,8243.39,10000.00,9908.03
2021-10-30,9818.84,10289.52,10000.00,9908.03
2021-10-31,9818.84,10289.52,10000.00,9908.03
2021-11-01,9818.84,10289.52,10000.00,9908.03
2021-11-02,9818.84,10289.52,10000.00,9908.03
2021-11-03,9818.84,10289.52,10000.00,9908.03
2021-11-04,9818.84,10289.52,10000.00,9908.03
2021-11-05,9818.84,10289.52,10000.00,9908.03
2021-11-06,9818.84,10289.52,10000.00,9908.03
2021-11-07,9818.84,10289.52,10000.00,9908.03
2021-11-08,9818.84,8213.03,10000.00,8474.38
2021-11-09,7796.01,8151.70,10000.00,8432.03
2021-11-10,7792.92,8148.49,10000.00,8429.82
2021-11-11,7773.43,8128.25,10000.00,8415.84
2021-11-12,7780.86,8135.97,10000.00,8421.17
2021-11-13,9860.80,8169.46,10000.00,8444.29
2021-11-14,9860.80,8111.73,10000.00,8404.43
2021-11-15,9860.80,10062.85,10000.00,8330.71
2021-11-16,9860.80,10062.85,10000.00,8336.11
2021-11-17,9860.80,10062.85,10000.00,9684.69
2021-11-18,9860.80,10062.85,10000.00,8788.80
2021-11-19,7944.05,10062.85,10000.00,8815.06
2021-11-20,7907.79,10062.85,10000.00,8797.88
2021-11-21,7826.45,10062.85,10000.00,8759.33
2021-11-22,7869.31,10062.85,10000.00,8779.64
2021-11-23,7856.03,10062.85,10000.00,8773.35
2021-11-24,7916.82,10062.85,10000.00,8802.16
2021-11-25,9713.30,10062.85,10000.00,8718.90
2021-11-26,9713.30,10062.85,10000.00,8735.24
2021-11-27,9713.30,10062.85,10000.00,9678.24
2021-11-28,7787.86,10062.85,10000.00,9678.24
2021-11-29,7758.57,10062.85,10000.00,9678.24
2021-11-30,7767.13,10062.85,10000.00,9678.24
2021-12-01,7743.24,10062.85,10000.00,9678.24
2021-12-02,7646.34,10062.85,10000.00,9678.24
2021-12-03,9439.24,10062.85,10000.00,9678.24
2021-12-04,9439.24,8629.13,10000.00,9123.08
2021-12-05,9439.24,8660.93,10000.00,9135.40
2021-12-06,9439.24,8663.28,10000.00,9136.31
2021-12-07,9439.24,8659.77,10000.00,9134.95
2021-12-08,9439.24,8574.39,10000.00,9101.89
2021-12-09,9439.24,8562.61,10000.00,9097.33
2021-12-10,9439.24,8627.17,10000.00,9122.32
2021-12-11,7578.58,8647.98,10000.00,9130.38
2021-12-12,9337.30,8549.16,10000.00,9092.12
2021-12-13,9337.30,10087.88,10000.00,9687.93
2021-12-14,9337.30,8670.53,10000.00,9687.93
2021-12-15,9337.30,8633.56,10000.00,9687.93
2021-12-16,9337.30,8590.00,10000.00,9687.93
2021-12-17,7498.05,8610.64,10000.00,9687.93
2021-12-18,7491.40,8605.77,10000.00,9687.93
2021-12-19,7500.15,8612.18,10000.00,9687.93
2021-12-20,9448.68,8671.49,10000.00,9687.93
2021-12-21,9448.68,8662.53,10000.00,9687.93
2021-12-22,9448.68,8728.09,10000.00,9687.93
2021-12-23,9448.68,10015.29,10000.00,9687.93
2021-12-24,9448.68,10015.29,10000.00,9687.93
2021-12-25,9448.68,10015.29,10000.00,9687.93
2021-12-26,9448.68,10015.29,10000.00,9687.93
2021-12-27,9567.11,10015.29,10000.00,9687.93
2021-12-28,9567.11,10015.29,10000.00,9687.93
2021-12-29,9567.11,10015.29,10000.00,9687.93
2021-12-30,9567.11,10015.29,10000.00,9687.93
2021-12-31,9567.11,10015.29,10000.00,9687.93
2022-01-01,9567.11,10015.29,10000.00,9687.93
2022-01-02,9567.11,10015.29,10000.00,9687.93
2022-01-03,9567.11,10015.29,10000.00,9687.93
2022-01-04,9467.23,10015.29,10000.00,9687.93
2022-01-05,9467.23,8023.95,10000.00,8707.14
2022-01-06,9399.10,7953.40,10000.00,8672.39
2022-01-07,9399.10,7959.90,10000.00,8675.59
2022-01-08,7527.53,7968.22,10000.00,8679.69
2022-01-09,7525.86,7966.54,10000.00,8678.86
2022-01-10,7566.91,10046.65,10000.00,9703.38
2022-01-11,7619.97,8092.64,10000.00,9703.38
2022-01-12,9439.18,8029.45,10000.00,9703.38
2022-01-13,9439.18,8053.63,10000.00,9703.38
2022-01-14,9439.18,8053.58,10000.00,9703.38
2022-01-15,9439.18,8054.12,10000.00,9703.38
2022-01-16,9439.18,8012.94,10000.00,9703.38
2022-01-17,7557.98,8019.92,10000.00,9703.38
2022-01-18,7526.77,7987.11,10000.00,9703.38
2022-01-19,9370.89,7941.14,10000.00,9703.38
2022-01-20,9370.89,10341.58,10000.00,9703.38
2022-01-21,9370.89,8416.33,10000.00,9064.99
2022-01-22,9370.89,8477.97,10000.00,9085.43
2022-01-23,9370.89,8499.06,10000.00,9092.42
2022-01-24,7531.61,8512.95,10000.00,9097.02
2022-01-25,7524.21,8505.49,10000.00,9094.55
2022-01-26,7542.41,8523.82,10000.00,9100.63
2022-01-27,7570.42,8552.04,10000.00,9109.98
2022-01-28,7592.64,8574.42,10000.00,9117.41
2022-01-29,7578.69,8560.36,10000.00,9112.75
2022-01-30,7608.28,10238.59,10000.00,9669.23
2022-01-31,7619.74,8573.14,10000.00,9669.23
2022-02-01,7528.69,8494.66,10000.00,9669.23
2022-02-02,9402.49,8512.52,10000.00,9669.23
2022-02-03,9617.18,8697.99,10000.00,9669.23
2022-02-04,9617.18,8690.50,10000.00,9669.23
2022-02-05,9571.01,8733.77,10000.00,9669.23
2022-02-06,9571.01,10005.04,10000.00,9669.23
2022-02-07,9571.01,10005.04,10000.00,9669.23
2022-02-08,7671.70,10005.04,10000.00,9669.23
2022-02-09,7632.99,10005.04,10000.00,9669.23
2022-02-10,7583.81,10005.04,10000.00,9669.23
2022-02-11,7576.86,10005.04,10000.00,9669.23
2022-02-12,7569.51,10005.04,10000.00,9669.23
2022-02-13,7590.46,10005.04,10000.00,9669.23
2022-02-14,7678.36,10005.04,10000.00,9669.23
2022-02-15,7648.83,10005.04,10000.00,9669.23
2022-02-16,9724.52,10005.04,10000.00,9669.23
2022-02-17,9724.52,10005.04,10000.00,9669.23
2022-02-18,9724.52,10005.04,10000.00,9669.23
2022-02-19,9724.52,10005.04,10000.00,9669.23
2022-02-20,9724.52,10005.04,10000.00,9669.23
2022-02-21,9724.52,8151.90,10000.00,9669.23
2022-02-22,7728.95,8100.31,10000.00,9669.23
2022-02-23,7783.98,8156.34,10000.00,9669.23
2022-02-24,7829.02,8202.20,10000.00,9669.23
2022-02-25,7823.69,8196.77,10000.00,9669.23
2022-02-26,7751.52,8123.29,10000.00,9669.23
2022-02-27,9974.66,9686.65,10000.00,9669.23
2022-02-28,9974.66,9686.65,10000.00,9669.23
2022-03-01,9974.66,9686.65,10000.00,9669.23
2022-03-02,7913.39,9686.65,10000.00,9669.23
2022-03-03,10191.75,9686.65,10000.00,9669.23
2022-03-04,10191.75,8262.42,10000.00,9669.23
2022-03-05,10191.75,8226.61,10000.00,9669.23
2022-03-06,10191.75,8212.03,10000.00,9669.23
2022-03-07,10191.75,8238.31,10000.00,9669.23
2022-03-08,10191.75,8355.99,10000.00,9669.23
2022-03-09,10191.75,8263.76,10000.00,9669.23
2022-03-10,10191.75,8238.04,10000.00,9669.23
2022-03-11,10191.75,8240.40,10000.00,9669.23
2022-03-12,10191.75,8203.45,10000.00,9669.23
2022-03-13,10191.75,9666.81,10000.00,9669.23
2022-03-14,8133.81,9666.81,10000.00,9669.23
2022-03-15,8227.20,7935.30,10000.00,9669.23
2022-03-16,8218.12,7927.13,10000.00,9669.23
2022-03-17,8260.96,7965.65,10000.00,9669.23
2022-03-18,8283.76,7986.16,10000.00,9669.23
2022-03-19,10271.18,7940.36,10000.00,9669.23
2022-03-20,10271.18,7931.15,10000.00,9669.23
2022-03-21,10271.18,7992.86,10000.00,9669.23
2022-03-22,10271.18,8017.06,10000.00,9669.23
2022-03-23,10271.18,9450.15,10000.00,9669.23
2022-03-24,10271.18,7574.06,10000.00,8429.65
2022-03-25,10271.18,7583.12,10000.00,8435.64
2022-03-26,10271.18,7681.89,10000.00,8500.90
2022-03-27,10271.18,7694.20,10000.00,8509.04
2022-03-28,10271.18,7707.80,10000.00,8518.02
2022-03-29,10271.18,7691.09,10000.00,8506.98
2022-03-30,10271.18,9515.25,10000.00,9712.25
2022-03-31,10271.18,7644.69,10000.00,9712.25
2022-04-01,10271.18,7624.73,10000.00,9712.25
2022-04-02,10271.18,7649.47,10000.00,9712.25
2022-04-03,10271.18,7657.63,10000.00,9712.25
2022-04-04,10271.18,7611.32,10000.00,9712.25
2022-04-05,10271.18,7514.18,10000.00,9712.25
2022-04-06,10271.18,7526.23,10000.00,9712.25
2022-04-07,10271.18,9379.42,10000.00,9712.25
2022-04-08,10271.18,9379.42,10000.00,9712.25
2022-04-09,10271.18,9379.42,10000.00,9712.25
2022-04-10,10143.64,9379.42,10000.00,9712.25
2022-04-11,10143.64,9379.42,10000.00,8838.96
2022-04-12,10143.64,9379.42,10000.00,8862.79
2022-04-13,10143.64,9379.42,10000.00,8835.93
2022-04-14,10143.64,9379.42,10000.00,8849.64
2022-04-15,10143.64,9379.42,10000.00,8845.81
2022-04-16,10143.64,7470.82,10000.00,8830.03
2022-04-17,10143.64,7522.97,10000.00,8855.19
2022-04-18,8149.38,7555.17,10000.00,8870.72
2022-04-19,8142.97,7549.18,10000.00,8867.83
2022-04-20,8099.00,7508.10,10000.00,9690.88
2022-04-21,8060.48,7472.12,10000.00,9690.88
2022-04-22,8047.06,7459.57,10000.00,9690.88
2022-04-23,8048.07,7460.52,10000.00,9690.88
2022-04-24,8096.35,7505.62,10000.00,9690.88
2022-04-25,10009.74,9485.08,10000.00,9690.88
2022-04-26,10009.74,7644.53,10000.00,8468.73
2022-04-27,10009.74,7669.30,10000.00,8485.17
2022-04-28,10009.74,7611.79,10000.00,8446.99
2022-04-29,10009.74,7564.81,10000.00,8415.79
2022-04-30,10009.74,7606.14,10000.00,8443.23
2022-05-01,8009.48,7607.75,10000.00,8444.30
2022-05-02,7968.51,7568.55,10000.00,8418.28
2022-05-03,8070.21,7665.84,10000.00,8482.88
2022-05-04,9909.14,7509.90,10000.00,8379.33
2022-05-05,9909.14,9589.96,10000.00,9760.52
2022-05-06,7897.56,7643.17,10000.00,9760.52
2022-05-07,9800.39,7566.72,10000.00,9760.52
2022-05-08,9800.39,7355.96,10000.00,8933.08
2022-05-09,9800.39,9856.11,10000.00,9826.31
2022-05-10,9674.24,8188.60,10000.00,9826.31
2022-05-11,9674.24,8183.47,10000.00,9340.55
2022-05-12,7878.50,8200.10,10000.00,9346.04
2022-05-13,7929.10,9904.74,10000.00,9359.48
2022-05-14,8007.36,8715.27,10000.00,9380.26
2022-05-15,9732.21,8655.08,10000.00,9355.94
2022-05-16,9732.21,8678.92,10000.00,9365.58
2022-05-17,9732.21,8606.71,10000.00,9336.41
2022-05-18,9732.21,8673.41,10000.00,9363.35
2022-05-19,9732.21,8627.31,10000.00,9344.73
2022-05-20,9732.21,9931.16,10000.00,9819.75
2022-05-21,9732.21,8729.64,10000.00,9819.75
2022-05-22,9732.21,8679.63,10000.00,9819.75
2022-05-23,9732.21,8702.96,10000.00,9819.75
2022-05-24,7777.77,8697.83,10000.00,9819.75
2022-05-25,7756.77,8684.39,10000.00,9819.75
2022-05-26,9664.37,8659.50,10000.00,9819.75
2022-05-27,9664.37,8677.02,10000.00,9819.75
2022-05-28,9664.37,8695.47,10000.00,9819.75
2022-05-29,9664.37,8790.74,10000.00,9819.75
2022-05-30,9664.37,9831.38,10000.00,9819.75
2022-05-31,9785.55,9831.38,10000.00,9819.75
2022-06-01,9785.55,9831.38,10000.00,9819.75
2022-06-02,9785.55,9831.38,10000.00,9819.75
2022-06-03,9785.55,9831.38,10000.00,9819.75
2022-06-04,9785.55,9831.38,10000.00,9819.75
2022-06-05,9785.55,9831.38,10000.00,9819.75
2022-06-06,9785.55,9831.38,10000.00,9819.75
2022-06-07,9785.55,9831.38,10000.00,9819.75
2022-06-08,9785.55,9831.38,10000.00,9819.75
2022-06-09,9785.55,9831.38,10000.00,9819.75
2022-06-10,9785.55,9831.38,10000.00,9819.75
2022-06-11,9785.55,9831.38,10000.00,9819.75
2022-06-12,9785.55,9831.38,10000.00,9819.75
2022-06-13,9785.55,8494.11,10000.00,9366.74
2022-06-14,7868.11,8520.38,10000.00,9375.64
2022-06-15,9631.10,8391.84,10000.00,9332.10
2022-06-16,9631.10,8395.32,10000.00,9333.28
2022-06-17,9631.10,8308.72,10000.00,9303.94
2022-06-18,9631.10,9943.76,10000.00,9857.82
2022-06-19,9631.10,9018.71,10000.00,9857.82
2022-06-20,9631.10,9025.39,10000.00,9857.82
2022-06-21,9631.10,8991.95,10000.00,9857.82
2022-06-22,9631.10,9043.35,10000.00,9857.82
2022-06-23,9631.10,9048.80,10000.00,9857.82
2022-06-24,9631.10,9060.26,10000.00,9857.82
2022-06-25,9631.10,9040.36,10000.00,9857.82
2022-06-26,9631.10,9026.24,10000.00,9857.82
2022-06-27,9631.10,9005.26,10000.00,9857.82
2022-06-28,9631.10,9964.43,10000.00,9857.82
2022-06-29,9631.10,8543.48,10000.00,9857.82
2022-06-30,7641.10,8497.29,10000.00,9857.82
2022-07-01,7638.81,8495.64,10000.00,9857.82
2022-07-02,7645.44,8500.44,10000.00,9857.82
2022-07-03,7734.32,8564.80,10000.00,9857.82
2022-07-04,7729.09,8561.01,10000.00,9857.82
2022-07-05,7766.47,8588.08,10000.00,9857.82
2022-07-06,7869.68,8662.83,10000.00,9857.82
2022-07-07,7867.83,8661.48,10000.00,9857.82
2022-07-08,7866.81,9860.17,10000.00,9857.82
2022-07-09,9721.86,9860.17,10000.00,9857.82
2022-07-10,9721.86,9860.17,10000.00,9857.82
2022-07-11,9721.86,9860.17,10000.00,9857.82
2022-07-12,9721.86,9860.17,10000.00,9857.82
2022-07-13,9721.86,9860.17,10000.00,9857.82
2022-07-14,9721.86,9860.17,10000.00,9857.82
2022-07-15,9721.86,9860.17,10000.00,9857.82
2022-07-16,9721.86,9860.17,10000.00,9857.82
2022-07-17,9567.13,9860.17,10000.00,9857.82
2022-07-18,9567.13,9860.17,10000.00,8749.75
2022-07-19,9567.13,9860.17,10000.00,8740.61
2022-07-20,7648.00,9860.17,10000.00,8737.04
2022-07-21,7609.51,9860.17,10000.00,9870.13
2022-07-22,7590.21,9860.17,10000.00,9870.13
2022-07-23,7601.19,9860.17,10000.00,9870.13
2022-07-24,7495.74,9860.17,10000.00,9870.13
2022-07-25,7491.83,9860.17,10000.00,9870.13
2022-07-26,9588.77,9860.17,10000.00,9870.13
2022-07-27,9588.77,9860.17,10000.00,9870.13
2022-07-28,9588.77,9860.17,10000.00,9870.13
2022-07-29,7661.08,9860.17,10000.00,9870.13
2022-07-30,7633.82,9860.17,10000.00,9870.13
2022-07-31,7630.87,9860.17,10000.00,9870.13
2022-08-01,7608.27,9860.17,10000.00,9870.13
2022-08-02,7594.86,9860.17,10000.00,9870.13
2022-08-03,7578.54,9860.17,10000.00,9870.13
2022-08-04,9625.07,9860.17,10000.00,9870.13
2022-08-05,9625.07,9860.17,10000.00,9870.13
2022-08-06,9625.07,9860.17,10000.00,9870.13
2022-08-07,9625.07,9860.17,10000.00,9870.13
2022-08-08,9625.07,9860.17,10000.00,9870.13
2022-08-09,9625.07,7956.52,10000.00,9870.13
2022-08-10,9625.07,7955.13,10000.00,9870.13
2022-08-11,7737.75,7995.06,10000.00,9870.13
2022-08-12,7740.78,7998.26,10000.00,9870.13
2022-08-13,7729.83,7986.67,10000.00,9870.13
2022-08-14,7712.79,7968.61,10000.00,9870.13
2022-08-15,7693.25,9919.95,10000.00,9870.13
2022-08-16,7651.39,7892.67,10000.00,9870.13
2022-08-17,7640.41,7881.32,10000.00,9870.13
2022-08-18,9875.11,9668.39,10000.00,9870.13
2022-08-19,9875.11,9668.39,10000.00,8942.97
2022-08-20,7934.90,9668.39,10000.00,8959.81
2022-08-21,7924.15,9668.39,10000.00,8954.61
2022-08-22,7935.45,9668.39,10000.00,8960.07
2022-08-23,7921.29,9668.39,10000.00,8953.23
2022-08-24,7939.64,9668.39,10000.00,8962.10
2022-08-25,9791.58,9668.39,10000.00,8902.58
2022-08-26,9791.58,7714.69,10000.00,8893.12
2022-08-27,9791.58,7668.44,10000.00,8871.24
2022-08-28,9791.58,7738.95,10000.00,9894.57
2022-08-29,9791.58,7693.22,10000.00,9894.57
2022-08-30,9791.58,7715.83,10000.00,9894.57
2022-08-31,9791.58,7723.43,10000.00,9894.57
2022-09-01,9791.58,9696.13,10000.00,9894.57
2022-09-02,9791.58,9696.13,10000.00,9894.57
2022-09-03,9791.58,9696.13,10000.00,9894.57
2022-09-04,9791.58,7736.53,10000.00,9894.57
2022-09-05,9791.58,7639.46,10000.00,9894.57
2022-09-06,9791.58,9765.54,10000.00,9140.86
2022-09-07,7836.75,7815.90,10000.00,9142.27
2022-09-08,10003.00,9554.69,10000.00,9226.63
2022-09-09,10003.00,9554.69,10000.00,9238.39
2022-09-10,10003.00,9554.69,10000.00,9245.86
2022-09-11,10003.00,9554.69,10000.00,9269.10
2022-09-12,10003.00,9554.69,10000.00,9177.37
2022-09-13,10003.00,9554.69,10000.00,9179.83
2022-09-14,10003.00,9554.69,10000.00,9157.86
2022-09-15,10003.00,9554.69,10000.00,9852.88
2022-09-16,10003.00,9554.69,10000.00,9852.88
2022-09-17,10003.00,9554.69,10000.00,9852.88
2022-09-18,10003.00,9554.69,10000.00,9852.88
2022-09-19,10003.00,9554.69,10000.00,9852.88
2022-09-20,10003.00,9554.69,10000.00,9852.88
2022-09-21,10003.00,9554.69,10000.00,9852.88
2022-09-22,10003.00,9554.69,10000.00,9852.88
2022-09-23,10003.00,7715.74,10000.00,9852.88
2022-09-24,10003.00,7705.03,10000.00,9852.88
2022-09-25,10003.00,7744.42,10000.00,9852.88
2022-09-26,10003.00,7730.43,10000.00,9852.88
2022-09-27,10003.00,7761.42,10000.00,9852.88
2022-09-28,8021.03,7778.33,10000.00,9852.88
2022-09-29,8003.73,7762.63,10000.00,9852.88
2022-09-30,7992.23,7752.18,10000.00,9852.88
2022-10-01,7965.86,7728.25,10000.00,9852.88
2022-10-02,8025.04,9522.77,10000.00,9852.88
2022-10-03,8098.44,9522.77,10000.00,9852.88
2022-10-04,8079.49,9522.77,10000.00,9852.88
2022-10-05,8059.33,9522.77,10000.00,9852.88
2022-10-06,8014.78,9522.77,10000.00,9852.88
2022-10-07,10003.68,9522.77,10000.00,9852.88
2022-10-08,10003.68,9522.77,10000.00,9852.88
2022-10-09,10003.68,9522.77,10000.00,9852.88
2022-10-10,10003.68,7610.94,10000.00,9852.88
2022-10-11,10003.68,7620.55,10000.00,9852.88
2022-10-12,10003.68,7642.86,10000.00,9852.88
2022-10-13,10003.68,7623.26,10000.00,9852.88
2022-10-14,10003.68,7612.08,10000.00,9852.88
2022-10-15,10003.68,7631.45,10000.00,9852.88
2022-10-16,10003.68,7659.94,10000.00,9852.88
2022-10-17,10003.68,7638.02,10000.00,9852.88
2022-10-18,10003.68,7617.47,10000.00,9852.88
2022-10-19,10003.68,9531.51,10000.00,9852.88
2022-10-20,8015.85,7637.51,10000.00,9852.88
2022-10-21,8020.18,7641.63,10000.00,9852.88
2022-10-22,10059.27,7678.17,10000.00,9852.88
2022-10-23,10059.27,7653.99,10000.00,9852.88
2022-10-24,10059.27,9427.04,10000.00,9852.88
2022-10-25,10059.27,9427.04,10000.00,9852.88
2022-10-26,10059.27,9427.04,10000.00,8208.48
2022-10-27,10059.27,7569.93,10000.00,8232.04
2022-10-28,10059.27,7590.40,10000.00,8249.08
2022-10-29,8029.10,7572.79,10000.00,8234.42
2022-10-30,8015.75,7559.96,10000.00,8223.74
2022-10-31,8014.57,7558.82,10000.00,8222.79
2022-11-01,10123.99,7528.17,10000.00,8197.27
2022-11-02,10123.99,7533.52,10000.00,8201.73
2022-11-03,10123.99,7621.09,10000.00,8274.64
2022-11-04,10123.99,7635.12,10000.00,9893.48
2022-11-05,10123.99,9484.20,10000.00,9893.48
2022-11-06,10123.99,7558.62,10000.00,9893.48
2022-11-07,10123.99,9269.59,10000.00,9893.48
2022-11-08,10123.99,9269.59,10000.00,8455.53
2022-11-09,10123.99,7887.48,10000.00,9960.07
2022-11-10,10123.99,7833.30,10000.00,9960.07
2022-11-11,10123.99,7810.35,10000.00,9960.07
2022-11-12,10123.99,7764.57,10000.00,9960.07
2022-11-13,10123.99,7792.50,10000.00,9960.07
2022-11-14,10123.99,7820.68,10000.00,9960.07
2022-11-15,10123.99,7798.00,10000.00,9960.07
2022-11-16,10123.99,7801.15,10000.00,9960.07
2022-11-17,10123.99,7800.93,10000.00,9960.07
2022-11-18,10123.99,9184.81,10000.00,9960.07
2022-11-19,10123.99,7794.77,10000.00,9960.07
2022-11-20,10123.99,7754.69,10000.00,9960.07
2022-11-21,10123.99,9224.24,10000.00,9960.07
2022-11-22,10123.99,7712.37,10000.00,9960.07
2022-11-23,10123.99,7712.13,10000.00,9960.07
2022-11-24,10123.99,7704.46,10000.00,9960.07
2022-11-25,10123.99,7699.03,10000.00,9960.07
2022-11-26,10123.99,7696.09,10000.00,9960.07
2022-11-27,10123.99,7675.64,10000.00,9960.07
2022-11-28,8127.28,7697.14,10000.00,9960.07
2022-11-29,10243.35,7767.02,10000.00,9960.07
2022-11-30,10243.35,7749.45,10000.00,9960.07
2022-12-01,10243.35,9138.51,10000.00,9960.07
2022-12-02,10243.35,9138.51,10000.00,9960.07
2022-12-03,10243.35,9138.51,10000.00,9960.07
2022-12-04,10243.35,9138.51,10000.00,9960.07
2022-12-05,8209.13,9138.51,10000.00,9960.07
2022-12-06,8179.10,9138.51,10000.00,9960.07
2022-12-07,8225.97,9138.51,10000.00,9960.07
2022-12-08,8214.00,9138.51,10000.00,9960.07
2022-12-09,8214.28,9138.51,10000.00,9960.07
2022-12-10,8210.13,9138.51,10000.00,9960.07
2022-12-11,8223.88,9138.51,10000.00,9960.07
2022-12-12,10145.73,9138.51,10000.00,9960.07
2022-12-13,10145.73,9138.51,10000.00,7970.98
2022-12-14,8066.18,9138.51,10000.00,7921.43
2022-12-15,10276.01,9138.51,10000.00,7842.89
2022-12-16,10276.01,9138.51,10000.00,7856.58
2022-12-17,10276.01,9138.51,10000.00,7852.34
2022-12-18,10276.01,9138.51,10000.00,7818.73
2022-12-19,10276.01,9138.51,10000.00,7870.09
2022-12-20,10276.01,9138.51,10000.00,7861.13
2022-12-21,10276.01,9138.51,10000.00,7860.55
2022-12-22,10276.01,9138.51,10000.00,9848.64
2022-12-23,10276.01,9138.51,10000.00,9848.64
2022-12-24,10276.01,9138.51,10000.00,9848.64
2022-12-25,10276.01,9138.51,10000.00,9848.64
2022-12-26,10276.01,9138.51,10000.00,9848.64
2022-12-27,10276.01,7293.29,10000.00,9848.64
2022-12-28,10276.01,7303.22,10000.00,9848.64
2022-12-29,10276.01,7299.75,10000.00,9848.64
2022-12-30,8212.37,7292.29,10000.00,9848.64
2022-12-31,8222.59,7301.32,10000.00,9848.64
2023-01-01,8229.55,7307.47,10000.00,9848.64
2023-01-02,8229.56,7307.48,10000.00,9848.64
2023-01-03,8251.43,7326.82,10000.00,9848.64
2023-01-04,8248.84,7324.52,10000.00,9848.64
2023-01-05,8263.73,9111.63,10000.00,9848.64
2023-01-06,8263.31,9111.63,10000.00,9848.64
2023-01-07,10339.94,9111.63,10000.00,9848.64
2023-01-08,10339.94,9111.63,10000.00,9848.64
2023-01-09,10339.94,9111.63,10000.00,7909.11
2023-01-10,10339.94,7341.08,10000.00,7965.93
2023-01-11,10339.94,9258.58,10000.00,10040.12
2023-01-12,10339.94,7513.26,10000.00,8604.09
2023-01-13,10339.94,9465.43,10000.00,8686.73
2023-01-14,10339.94,7565.51,10000.00,8680.62
2023-01-15,10339.94,7593.52,10000.00,8705.68
2023-01-16,8266.80,7588.75,10000.00,8701.41
2023-01-17,10389.76,7547.40,10000.00,10187.99
2023-01-18,8352.38,7583.88,10000.00,10187.99
2023-01-19,10189.01,7727.88,10000.00,10187.99
2023-01-20,10189.01,7738.16,10000.00,9443.29
2023-01-21,10189.01,7731.39,10000.00,9440.81
2023-01-22,10189.01,9642.77,10000.00,9447.50
2023-01-23,10189.01,7690.68,10000.00,9438.27
2023-01-24,10189.01,7726.73,10000.00,9452.41
2023-01-25,8146.16,7721.93,10000.00,9450.52
2023-01-26,8152.22,7727.70,10000.00,9452.79
2023-01-27,8148.09,7723.77,10000.00,9451.25
2023-01-28,8211.37,7784.04,10000.00,9474.89
2023-01-29,8130.63,7707.13,10000.00,10193.18
2023-01-30,8156.81,7732.07,10000.00,10193.18
2023-01-31,8209.89,7782.63,10000.00,10193.18
2023-02-01,8186.94,9689.33,10000.00,10193.18
2023-02-02,8183.98,7748.69,10000.00,10193.18
2023-02-03,10165.52,7740.01,10000.00,10193.18
2023-02-04,10165.52,7707.70,10000.00,10193.18
2023-02-05,10165.52,7692.90,10000.00,10193.18
2023-02-06,10165.52,7733.46,10000.00,10193.18
2023-02-07,10165.52,7709.38,10000.00,10193.18
2023-02-08,10165.52,7614.14,10000.00,10193.18
2023-02-09,10165.52,9537.74,10000.00,10193.18
2023-02-10,10165.52,9537.74,10000.00,10193.18
2023-02-11,10165.52,9537.74,10000.00,10193.18
2023-02-12,10165.52,9537.74,10000.00,10193.18
2023-02-13,8171.68,9537.74,10000.00,10193.18
2023-02-14,10402.96,9537.74,10000.00,10193.18
2023-02-15,10402.96,9537.74,10000.00,10193.18
2023-02-16,8414.76,7714.91,10000.00,10193.18
2023-02-17,8420.06,7719.77,10000.00,10193.18
2023-02-18,8389.05,7691.34,10000.00,10193.18
2023-02-19,8437.73,7735.97,10000.00,10193.18
2023-02-20,8403.46,7704.55,10000.00,10193.18
2023-02-21,8380.16,9590.73,10000.00,10193.18
2023-02-22,8358.43,9590.73,10000.00,10193.18
2023-02-23,8292.00,7612.39,10000.00,10193.18
2023-02-24,8290.13,7610.70,10000.00,10193.18
2023-02-25,10400.83,7641.84,10000.00,10193.18
2023-02-26,10400.83,7636.67,10000.00,10193.18
2023-02-27,10400.83,7608.18,10000.00,10193.18
2023-02-28,10400.83,7648.69,10000.00,10193.18
2023-03-01,10400.83,7634.62,10000.00,10193.18
2023-03-02,10400.83,7545.98,10000.00,10193.18
2023-03-03,10400.83,7545.37,10000.00,10193.18
2023-03-04,10400.83,9469.99,10000.00,10193.18
2023-03-05,10400.83,9469.99,10000.00,10193.18
2023-03-06,10400.83,9469.99,10000.00,10193.18
2023-03-07,10354.29,9469.99,10000.00,10193.18
2023-03-08,10354.29,9469.99,10000.00,10193.18
2023-03-09,10354.29,9469.99,10000.00,9329.31
2023-03-10,8325.13,9469.99,10000.00,9346.43
2023-03-11,10556.90,9469.99,10000.00,9412.48
2023-03-12,10556.90,9469.99,10000.00,9497.61
2023-03-13,10556.90,9469.99,10000.00,9520.77
2023-03-14,10556.90,7546.51,10000.00,9504.55
2023-03-15,10556.90,7598.35,10000.00,9533.06
2023-03-16,10556.90,7781.31,10000.00,9895.71
2023-03-17,10556.90,7745.51,10000.00,9191.33
2023-03-18,10556.90,7827.13,10000.00,9218.26
2023-03-19,10556.90,7809.28,10000.00,9212.37
2023-03-20,8474.45,7838.44,10000.00,9221.99
2023-03-21,8408.25,9665.73,10000.00,9199.98
2023-03-22,8486.42,8103.29,10000.00,9225.97
2023-03-23,8421.67,8052.61,10000.00,9204.45
2023-03-24,8421.66,8052.60,10000.00,9204.44
2023-03-25,8459.80,8082.46,10000.00,9217.12
2023-03-26,8395.33,8031.98,10000.00,9888.25
2023-03-27,8404.44,8039.12,10000.00,9888.25
2023-03-28,8487.18,8103.89,10000.00,9888.25
2023-03-29,10539.16,8085.16,10000.00,9888.25
2023-03-30,8463.94,8110.96,10000.00,9888.25
2023-03-31,8463.48,9734.22,10000.00,9888.25
2023-04-01,8442.39,9734.22,10000.00,9888.25
2023-04-02,8413.91,9734.22,10000.00,9888.25
2023-04-03,8441.59,9734.22,10000.00,9888.25
2023-04-04,8441.80,9734.22,10000.00,9888.25
2023-04-05,8431.53,9734.22,10000.00,9888.25
2023-04-06,8422.84,9734.22,10000.00,9888.25
2023-04-07,8424.80,9734.22,10000.00,9888.25
2023-04-08,10516.61,9734.22,10000.00,9888.25
2023-04-09,10516.61,9734.22,10000.00,9888.25
2023-04-10,10516.61,7824.84,10000.00,9888.25
2023-04-11,10516.61,7803.78,10000.00,8244.39
2023-04-12,10516.61,7836.75,10000.00,8271.41
2023-04-13,8419.09,7842.26,10000.00,8275.93
2023-04-14,8407.32,7831.09,10000.00,8266.77
2023-04-15,8407.38,7831.14,10000.00,8266.82
2023-04-16,10583.11,7773.63,10000.00,8219.67
2023-04-17,10583.11,7835.94,10000.00,8270.75
2023-04-18,10583.11,7732.64,10000.00,8186.07
2023-04-19,10583.11,9641.81,10000.00,8155.19
2023-04-20,10583.11,9641.81,10000.00,9728.68
2023-04-21,10583.11,9641.81,10000.00,9728.68
2023-04-22,10583.11,9641.81,10000.00,9728.68
2023-04-23,10583.11,9641.81,10000.00,9728.68
2023-04-24,8527.03,9641.81,10000.00,9728.68
2023-04-25,8536.63,9641.81,10000.00,9728.68
2023-04-26,10734.08,9641.81,10000.00,9728.68
2023-04-27,10734.08,9641.81,10000.00,9728.68
2023-04-28,10734.08,9641.81,10000.00,9728.68
2023-04-29,10734.08,9641.81,10000.00,9728.68
2023-04-30,10734.08,9641.81,10000.00,9728.68
2023-05-01,10734.08,9641.81,10000.00,9728.68
2023-05-02,10734.08,9641.81,10000.00,9728.68
2023-05-03,10734.08,9641.81,10000.00,9728.68
2023-05-04,10734.08,9641.81,10000.00,9728.68
2023-05-05,10734.08,7674.00,10000.00,9728.68
2023-05-06,8559.74,7649.78,10000.00,9728.68
2023-05-07,8501.19,7598.26,10000.00,9728.68
2023-05-08,8493.53,7591.52,10000.00,9728.68
2023-05-09,8489.71,7588.16,10000.00,9728.68
2023-05-10,10878.89,9474.95,10000.00,9728.68
2023-05-11,8688.24,9474.95,10000.00,9728.68
2023-05-12,8686.77,9474.95,10000.00,9728.68
2023-05-13,8698.26,9474.95,10000.00,9728.68
2023-05-14,8718.00,9474.95,10000.00,9728.68
2023-05-15,8706.74,7570.22,10000.00,9728.68
2023-05-16,8736.53,7595.99,10000.00,9728.68
2023-05-17,8689.55,7555.35,10000.00,9728.68
2023-05-18,8694.80,7559.89,10000.00,9728.68
2023-05-19,8713.35,7575.93,10000.00,9728.68
2023-05-20,10859.83,7550.60,10000.00,9728.68
2023-05-21,10859.83,7557.58,10000.00,9728.68
2023-05-22,10859.83,7583.34,10000.00,9728.68
2023-05-23,10859.83,7520.68,10000.00,9728.68
2023-05-24,10859.83,9523.48,10000.00,9728.68
2023-05-25,8707.51,7636.01,10000.00,9728.68
2023-05-26,8720.05,7647.01,10000.00,9728.68
2023-05-27,10990.85,9408.59,10000.00,9728.68
2023-05-28,10990.85,9408.59,10000.00,9728.68
2023-05-29,10990.85,9408.59,10000.00,9728.68
2023-05-30,10990.85,9408.59,10000.00,9728.68
2023-05-31,10990.85,9408.59,10000.00,9728.68
2023-06-01,10990.85,9408.59,10000.00,9728.68
2023-06-02,10990.85,9408.59,10000.00,9728.68
2023-06-03,10990.85,9408.59,10000.00,9728.68
2023-06-04,10990.85,9408.59,10000.00,9728.68
2023-06-05,10990.85,9408.59,10000.00,9728.68
2023-06-06,10990.85,9408.59,10000.00,9728.68
2023-06-07,10990.85,9408.59,10000.00,9728.68
2023-06-08,10990.85,9408.59,10000.00,9728.68
2023-06-09,10990.85,9408.59,10000.00,9728.68
2023-06-10,10990.85,7532.79,10000.00,9728.68
2023-06-11,10990.85,7530.47,10000.00,9728.68
2023-06-12,10990.85,7532.17,10000.00,9728.68
2023-06-13,10990.85,7473.71,10000.00,9728.68
2023-06-14,10990.85,7506.36,10000.00,9728.68
2023-06-15,8857.68,7561.40,10000.00,9728.68
2023-06-16,8873.14,7574.48,10000.00,9728.68
2023-06-17,8858.32,7561.94,10000.00,9728.68
2023-06-18,8901.65,7598.62,10000.00,9728.68
2023-06-19,11226.79,9229.33,10000.00,9728.68
2023-06-20,11226.79,9229.33,10000.00,8270.14
2023-06-21,11226.79,9229.33,10000.00,8264.24
2023-06-22,11226.79,7433.64,10000.00,8308.73
2023-06-23,8969.94,7423.93,10000.00,8300.12
2023-06-24,8964.49,7419.33,10000.00,8296.04
2023-06-25,8949.73,7406.87,10000.00,8284.99
2023-06-26,8980.82,7433.12,10000.00,8308.27
2023-06-27,8935.62,7394.95,10000.00,9825.02
2023-06-28,8962.55,7417.69,10000.00,9825.02
2023-06-29,8964.30,7419.17,10000.00,9825.02
2023-06-30,8973.05,7426.56,10000.00,9825.02
2023-07-01,8975.02,9274.09,10000.00,9825.02
2023-07-02,11193.53,7452.14,10000.00,9825.02
2023-07-03,8927.10,7428.76,10000.00,9825.02
2023-07-04,11240.74,7412.33,10000.00,9825.02
2023-07-05,11240.74,7376.28,10000.00,9825.02
2023-07-06,9025.80,7403.04,10000.00,9825.02
2023-07-07,9021.64,7399.68,10000.00,9825.02
2023-07-08,9012.40,7392.24,10000.00,9825.02
2023-07-09,9031.16,7407.36,10000.00,9825.02
2023-07-10,9046.61,7419.81,10000.00,9825.02
2023-07-11,9028.47,9260.01,10000.00,9825.02
2023-07-12,9110.44,7474.47,10000.00,9825.02
2023-07-13,9024.40,7404.70,10000.00,9825.02
2023-07-14,9021.95,7402.72,10000.00,9825.02
2023-07-15,11215.17,7399.65,10000.00,9825.02
2023-07-16,11215.17,7393.53,10000.00,9825.02
2023-07-17,8951.02,7376.22,10000.00,9825.02
2023-07-18,8955.09,7379.56,10000.00,9825.02
2023-07-19,8946.98,7372.92,10000.00,9825.02
2023-07-20,8954.56,7379.13,10000.00,9825.02
2023-07-21,8945.65,9223.82,10000.00,9825.02
2023-07-22,8967.52,9223.82,10000.00,9825.02
2023-07-23,11143.25,9223.82,10000.00,9825.02
2023-07-24,11143.25,9223.82,10000.00,9825.02
2023-07-25,11143.25,9223.82,10000.00,9825.02
2023-07-26,11143.25,9223.82,10000.00,9825.02
2023-07-27,11143.25,9223.82,10000.00,9825.02
2023-07-28,11143.25,9223.82,10000.00,9825.02
2023-07-29,11143.25,9223.82,10000.00,9825.02
2023-07-30,8910.65,9223.82,10000.00,9825.02
2023-07-31,8946.29,9223.82,10000.00,9825.02
2023-08-01,8905.50,9223.82,10000.00,9825.02
2023-08-02,8906.57,9223.82,10000.00,9825.02
2023-08-03,8899.01,9223.82,10000.00,9825.02
2023-08-04,8896.87,9223.82,10000.00,9825.02
2023-08-05,8896.55,9223.82,10000.00,9825.02
2023-08-06,8906.90,9223.82,10000.00,9825.02
2023-08-07,11180.33,9223.82,10000.00,9825.02
2023-08-08,11180.33,9223.82,10000.00,9825.02
2023-08-09,11180.33,9223.82,10000.00,9825.02
2023-08-10,11180.33,9223.82,10000.00,9825.02
2023-08-11,11180.33,9223.82,10000.00,9825.02
2023-08-12,11180.33,9223.82,10000.00,9825.02
2023-08-13,11180.33,9223.82,10000.00,9825.02
2023-08-14,11180.33,9223.82,10000.00,9825.02
2023-08-15,11144.42,9223.82,10000.00,9825.02
2023-08-16,11144.42,9223.82,10000.00,9825.02
2023-08-17,11144.42,7338.88,10000.00,8331.82
2023-08-18,11144.42,7342.08,10000.00,8334.35
2023-08-19,11144.42,7348.67,10000.00,8339.57
2023-08-20,11144.42,7344.18,10000.00,8336.01
2023-08-21,11144.42,7338.42,10000.00,8331.45
2023-08-22,11144.42,7365.19,10000.00,8352.65
2023-08-23,11144.42,7346.95,10000.00,8338.21
2023-08-24,11144.42,7338.99,10000.00,8331.90
2023-08-25,11144.42,7336.16,10000.00,8329.66
2023-08-26,11144.42,9261.12,10000.00,9854.57
2023-08-27,11144.42,7409.94,10000.00,9854.57
2023-08-28,11144.42,9145.19,10000.00,9854.57
2023-08-29,11144.42,9145.19,10000.00,9854.57
2023-08-30,11144.42,9145.19,10000.00,9854.57
2023-08-31,11144.42,9145.19,10000.00,9854.57
2023-09-01,11144.42,9145.19,10000.00,9854.57
2023-09-02,11144.42,9145.19,10000.00,9854.57
2023-09-03,11144.42,9145.19,10000.00,9854.57
2023-09-04,11144.42,9145.19,10000.00,9854.57
2023-09-05,11144.42,9145.19,10000.00,9854.57
2023-09-06,11144.42,9145.19,10000.00,9854.57
2023-09-07,11144.42,9145.19,10000.00,9854.57
2023-09-08,11144.42,9145.19,10000.00,9854.57
2023-09-09,11144.42,9145.19,10000.00,9854.57
2023-09-10,11144.42,9145.19,10000.00,9854.57
2023-09-11,11144.42,9145.19,10000.00,9854.57
2023-09-12,11144.42,7343.55,10000.00,9854.57
2023-09-13,11144.42,7365.22,10000.00,9854.57
2023-09-14,11144.42,7370.31,10000.00,9854.57
2023-09-15,11144.42,7367.73,10000.00,9854.57
2023-09-16,11144.42,7365.18,10000.00,9854.57
2023-09-17,11144.42,7381.80,10000.00,9854.57
2023-09-18,8953.11,7413.73,10000.00,9854.57
2023-09-19,8945.40,7407.18,10000.00,9854.57
2023-09-20,8898.86,7367.62,10000.00,9854.57
2023-09-21,8900.16,9092.61,10000.00,9854.57
2023-09-22,8900.35,9092.61,10000.00,9854.57
2023-09-23,8873.37,9092.61,10000.00,9854.57
2023-09-24,8876.41,9092.61,10000.00,9854.57
2023-09-25,8869.31,9092.61,10000.00,9854.57
2023-09-26,8881.60,9092.61,10000.00,9854.57
2023-09-27,11122.82,9092.61,10000.00,9854.57
2023-09-28,11122.82,9092.61,10000.00,9854.57
2023-09-29,11122.82,9092.61,10000.00,9854.57
2023-09-30,11122.82,9092.61,10000.00,9854.57
2023-10-01,11122.82,9092.61,10000.00,9854.57
2023-10-02,8891.91,9092.61,10000.00,9854.57
2023-10-03,8921.11,9092.61,10000.00,9854.57
2023-10-04,8890.77,9092.61,10000.00,9854.57
2023-10-05,8933.79,9092.61,10000.00,9854.57
2023-10-06,8935.98,7275.85,10000.00,9854.57
2023-10-07,8932.74,7273.24,10000.00,9854.57
2023-10-08,8905.66,7251.45,10000.00,9854.57
2023-10-09,8889.22,7238.22,10000.00,9854.57
2023-10-10,8846.82,7204.11,10000.00,9854.57
2023-10-11,11183.56,7196.63,10000.00,9854.57
2023-10-12,11183.56,7203.57,10000.00,9854.57
2023-10-13,11183.56,7203.02,10000.00,9854.57
2023-10-14,11183.56,7224.03,10000.00,9854.57
2023-10-15,11183.56,9129.81,10000.00,9854.57
2023-10-16,11183.56,7296.88,10000.00,9854.57
2023-10-17,11183.56,7291.66,10000.00,9854.57
2023-10-18,11183.56,7317.64,10000.00,9854.57
2023-10-19,11183.56,7378.51,10000.00,9854.57
2023-10-20,8964.91,7393.85,10000.00,9854.57
2023-10-21,8970.74,7398.81,10000.00,9854.57
2023-10-22,10927.39,9422.14,10000.00,9854.57
2023-10-23,10927.39,7585.53,10000.00,8884.69
2023-10-24,8779.27,7618.56,10000.00,8902.13
2023-10-25,8756.96,7598.83,10000.00,8891.72
2023-10-26,8740.89,7584.63,10000.00,8884.21
2023-10-27,8752.64,7595.01,10000.00,8889.70
2023-10-28,8781.33,7620.38,10000.00,8903.09
2023-10-29,8778.70,7618.05,10000.00,8901.87
2023-10-30,8789.21,7627.35,10000.00,8906.77
2023-10-31,10829.71,7671.89,10000.00,8930.30
2023-11-01,10829.71,9528.26,10000.00,9910.60
2023-11-02,8650.45,7610.89,10000.00,9910.60
2023-11-03,8672.38,7630.19,10000.00,9910.60
2023-11-04,8669.49,7627.64,10000.00,9910.60
2023-11-05,8670.43,7628.47,10000.00,9910.60
2023-11-06,8693.19,7648.49,10000.00,9910.60
2023-11-07,8706.61,7660.30,10000.00,9910.60
2023-11-08,10720.82,7718.42,10000.00,9910.60
2023-11-09,10720.82,7752.08,10000.00,8920.45
2023-11-10,10720.82,7742.31,10000.00,8915.53
2023-11-11,10720.82,7738.90,10000.00,8913.81
2023-11-12,10720.82,9611.98,10000.00,8897.42
2023-11-13,10720.82,7640.51,10000.00,8871.87
2023-11-14,10720.82,7763.45,10000.00,8935.88
2023-11-15,10720.82,7672.72,10000.00,8888.64
2023-11-16,10720.82,7697.16,10000.00,8901.37
2023-11-17,10720.82,7695.31,10000.00,8900.41
2023-11-18,10720.82,7737.33,10000.00,9929.39
2023-11-19,10720.82,7741.97,10000.00,9929.39
2023-11-20,10720.82,7651.45,10000.00,9929.39
2023-11-21,10720.82,7739.21,10000.00,9929.39
2023-11-22,10720.82,9655.02,10000.00,9929.39
2023-11-23,10720.82,9655.02,10000.00,9929.39
2023-11-24,10720.82,9655.02,10000.00,9929.39
2023-11-25,10720.82,9655.02,10000.00,9929.39
2023-11-26,10720.82,9655.02,10000.00,9929.39
2023-11-27,10720.82,9655.02,10000.00,9929.39
2023-11-28,10720.82,7725.30,10000.00,9929.39
2023-11-29,10720.82,7718.55,10000.00,9929.39
2023-11-30,10720.82,7768.07,10000.00,9929.39
2023-12-01,10720.82,7807.34,10000.00,8003.74
2023-12-02,10720.82,7833.45,10000.00,8029.71
2023-12-03,10720.82,7935.70,10000.00,8131.42
2023-12-04,10720.82,9974.11,10000.00,8238.27
2023-12-05,10720.82,7964.90,10000.00,8222.13
2023-12-06,10720.82,7942.91,10000.00,8197.45
2023-12-07,10720.82,7983.68,10000.00,8243.20
2023-12-08,8554.18,7962.73,10000.00,8219.69
2023-12-09,8557.51,7965.83,10000.00,8223.17
2023-12-10,10864.00,9845.01,10000.00,10058.12
2023-12-11,10864.00,7887.34,10000.00,10058.12
2023-12-12,10864.00,7954.89,10000.00,10058.12
2023-12-13,10864.00,7961.72,10000.00,10058.12
2023-12-14,10864.00,9878.60,10000.00,10058.12
2023-12-15,10864.00,7917.21,10000.00,10058.12
2023-12-16,10864.00,7875.10,10000.00,10058.12
2023-12-17,10864.00,7936.38,10000.00,10058.12
2023-12-18,10864.00,7918.38,10000.00,10058.12
2023-12-19,10864.00,7984.42,10000.00,10058.12
2023-12-20,10864.00,7994.08,10000.00,10058.12
2023-12-21,10864.00,8000.34,10000.00,10058.12
2023-12-22,10864.00,7987.38,10000.00,10058.12
2023-12-23,10864.00,9929.67,10000.00,10058.12
2023-12-24,10864.00,9929.67,10000.00,10058.12
2023-12-25,10864.00,9929.67,10000.00,10058.12
2023-12-26,10864.00,9929.67,10000.00,10058.12
2023-12-27,10864.00,7903.51,10000.00,10058.12
2023-12-28,10864.00,7879.97,10000.00,10058.12
2023-12-29,10864.00,7883.28,10000.00,10058.12
2023-12-30,10864.00,7889.40,10000.00,10058.12
2023-12-31,10864.00,7977.00,10000.00,10058.12
2024-01-01,10864.00,8012.31,10000.00,10058.12
2024-01-02,10864.00,7915.62,10000.00,7951.83
2024-01-03,8759.15,7976.86,10000.00,8011.79
2024-01-04,8758.37,7976.15,10000.00,8011.09
2024-01-05,8748.71,9953.38,10000.00,8002.57
2024-01-06,8746.80,7961.00,10000.00,8000.89
2024-01-07,8900.80,8098.46,10000.00,8136.76
2024-01-08,8856.94,8059.30,10000.00,8098.06
2024-01-09,8884.54,8083.94,10000.00,8122.41
2024-01-10,8868.61,8069.72,10000.00,8108.35
2024-01-11,8687.26,7907.86,10000.00,9959.98
2024-01-12,10863.24,7910.70,10000.00,9959.98
2024-01-13,10863.24,7859.34,10000.00,9959.98
2024-01-14,10863.24,7894.95,10000.00,9959.98
2024-01-15,10863.24,9914.57,10000.00,9959.98
2024-01-16,10863.24,9914.57,10000.00,9959.98
2024-01-17,10863.24,9914.57,10000.00,9959.98
2024-01-18,10863.24,9914.57,10000.00,9959.98
2024-01-19,10863.24,9914.57,10000.00,9959.98
2024-01-20,10863.24,9914.57,10000.00,9959.98
2024-01-21,10863.24,9914.57,10000.00,9959.98
2024-01-22,10863.24,9914.57,10000.00,9959.98
2024-01-23,8701.61,9914.57,10000.00,9959.98
2024-01-24,8694.15,7924.89,10000.00,9959.98
2024-01-25,8796.30,8017.64,10000.00,9959.98
2024-01-26,8813.05,8032.86,10000.00,9959.98
2024-01-27,8807.87,8028.15,10000.00,9959.98
2024-01-28,11049.90,8091.15,10000.00,9959.98
2024-01-29,11049.90,8073.41,10000.00,9959.98
2024-01-30,11049.90,8054.18,10000.00,9959.98
2024-01-31,11049.90,8079.82,10000.00,9959.98
2024-02-01,11049.90,8085.19,10000.00,9959.98
2024-02-02,11049.90,9770.06,10000.00,9959.98
2024-02-03,11049.90,9770.06,10000.00,9959.98
2024-02-04,11049.90,9770.06,10000.00,9959.98
2024-02-05,11049.90,9770.06,10000.00,9959.98
2024-02-06,11049.90,9770.06,10000.00,9959.98
2024-02-07,11049.90,9770.06,10000.00,9959.98
2024-02-08,11049.90,7895.82,10000.00,8685.56
2024-02-09,11049.90,7922.30,10000.00,8703.56
2024-02-10,11049.90,7945.72,10000.00,8719.49
2024-02-11,11049.90,8016.10,10000.00,8767.35
2024-02-12,11049.90,8007.05,10000.00,8761.19
2024-02-13,10956.09,10052.11,10000.00,8823.10
2024-02-14,10956.09,8045.20,10000.00,8825.75
2024-02-15,8774.52,8054.07,10000.00,8832.46
2024-02-16,8753.65,8034.89,10000.00,8817.96
2024-02-17,8773.51,8053.14,10000.00,10160.43
2024-02-18,8758.40,8039.25,10000.00,10160.43
2024-02-19,8779.00,8058.19,10000.00,10160.43
2024-02-20,8761.48,8042.09,10000.00,10160.43
2024-02-21,8736.56,8019.18,10000.00,10160.43
2024-02-22,8714.64,7999.03,10000.00,10160.43
2024-02-23,8749.68,10041.66,10000.00,10160.43
2024-02-24,10964.82,8039.29,10000.00,10160.43
2024-02-25,10964.82,8147.97,10000.00,10160.43
2024-02-26,10964.82,8247.38,10000.00,9261.85
2024-02-27,10964.82,10467.38,10000.00,9355.84
2024-02-28,10964.82,8329.44,10000.00,10275.61
2024-02-29,10964.82,8371.36,10000.00,10275.61
2024-03-01,10964.82,8358.20,10000.00,10275.61
2024-03-02,10964.82,8395.41,10000.00,10275.61
2024-03-03,10964.82,8569.21,10000.00,10275.61
2024-03-04,10964.82,10510.81,10000.00,9490.11
2024-03-05,8851.30,8488.73,10000.00,9515.03
2024-03-06,8879.23,8515.45,10000.00,9523.78
2024-03-07,8925.33,8559.56,10000.00,9538.24
2024-03-08,8931.41,8565.38,10000.00,9540.15
2024-03-09,8951.25,8584.36,10000.00,9546.37
2024-03-10,10679.83,8685.39,10000.00,9579.49
2024-03-11,10679.83,8664.13,10000.00,9572.52
2024-03-12,10629.95,8719.00,10000.00,9590.51
2024-03-13,10629.95,10759.51,10000.00,10308.25
2024-03-14,8448.26,8664.31,10000.00,10308.25
2024-03-15,10811.85,8543.10,10000.00,10308.25
2024-03-16,10811.85,8631.89,10000.00,10308.25
2024-03-17,10811.85,8610.29,10000.00,10308.25
2024-03-18,10811.85,10489.36,10000.00,10308.25
2024-03-19,10811.85,10489.36,10000.00,10308.25
2024-03-20,10811.85,10489.36,10000.00,10308.25
2024-03-21,10811.85,10489.36,10000.00,10308.25
2024-03-22,10811.85,10489.36,10000.00,10308.25
2024-03-23,10811.85,10489.36,10000.00,10308.25
2024-03-24,10811.85,10489.36,10000.00,10308.25
2024-03-25,10811.85,10489.36,10000.00,10308.25
2024-03-26,10811.85,10489.36,10000.00,10308.25
2024-03-27,10811.85,10489.36,10000.00,10308.25
2024-03-28,10811.85,10489.36,10000.00,10308.25
2024-03-29,10811.85,8640.20,10000.00,10308.25
2024-03-30,10811.85,8684.55,10000.00,10308.25
2024-03-31,10811.85,8641.69,10000.00,10308.25
2024-04-01,10811.85,8530.50,10000.00,10308.25
2024-04-02,10811.85,8544.19,10000.00,10308.25
2024-04-03,10811.85,8611.05,10000.00,10308.25
2024-04-04,10811.85,8593.58,10000.00,10308.25
2024-04-05,10811.85,8621.33,10000.00,10308.25
2024-04-06,10811.85,8633.02,10000.00,10308.25
2024-04-07,10811.85,10534.83,10000.00,10308.25
2024-04-08,10811.85,10534.83,10000.00,10308.25
2024-04-09,10811.85,10534.83,10000.00,10308.25
2024-04-10,10811.85,10534.83,10000.00,10308.25
2024-04-11,10811.85,10534.83,10000.00,10308.25
2024-04-12,10811.85,10534.83,10000.00,10308.25
2024-04-13,10811.85,10534.83,10000.00,8837.39
2024-04-14,10811.85,10534.83,10000.00,8782.63
2024-04-15,10811.85,10534.83,10000.00,8791.55
2024-04-16,10811.85,10534.83,10000.00,8731.54
2024-04-17,8728.08,10534.83,10000.00,8784.14
2024-04-18,8739.97,10534.83,10000.00,8792.10
2024-04-19,10942.25,10534.83,10000.00,8818.82
2024-04-20,10942.25,10534.83,10000.00,8818.26
2024-04-21,10942.25,10534.83,10000.00,8863.10
2024-04-22,10942.25,10534.83,10000.00,10251.71
2024-04-23,10942.25,10534.83,10000.00,10251.71
2024-04-24,10942.25,10534.83,10000.00,10251.71
2024-04-25,8728.76,10534.83,10000.00,10251.71
2024-04-26,8718.03,10534.83,10000.00,10251.71
2024-04-27,8707.06,10534.83,10000.00,10251.71
2024-04-28,8732.05,10534.83,10000.00,10251.71
2024-04-29,10811.44,10534.83,10000.00,10251.71
2024-04-30,10811.44,8345.97,10000.00,10251.71
2024-05-01,10811.44,8374.00,10000.00,9343.14
2024-05-02,10811.44,8507.21,10000.00,9403.75
2024-05-03,10811.44,8541.51,10000.00,9419.35
2024-05-04,10811.44,8546.13,10000.00,9421.45
2024-05-05,10811.44,8515.93,10000.00,9407.71
2024-05-06,10811.44,8486.57,10000.00,9394.35
2024-05-07,10811.44,8446.83,10000.00,9376.28
2024-05-08,10811.44,8512.76,10000.00,9406.27
2024-05-09,10811.44,10529.38,10000.00,9370.13
2024-05-10,10811.44,10529.38,10000.00,10211.47
2024-05-11,10811.44,10529.38,10000.00,10211.47
2024-05-12,10811.44,10529.38,10000.00,10211.47
2024-05-13,10811.44,10529.38,10000.00,10211.47
2024-05-14,10811.44,10529.38,10000.00,10211.47
2024-05-15,10811.44,10529.38,10000.00,8799.99
2024-05-16,10751.76,10529.38,10000.00,8837.80
2024-05-17,10751.76,10529.38,10000.00,8835.20
2024-05-18,10751.76,10529.38,10000.00,8821.36
2024-05-19,10584.26,10529.38,10000.00,8929.72
2024-05-20,10584.26,8385.50,10000.00,8902.66
2024-05-21,8436.70,8355.50,10000.00,10271.89
2024-05-22,8401.17,8320.79,10000.00,10271.89
2024-05-23,8419.34,8338.54,10000.00,10271.89
2024-05-24,8441.69,8360.37,10000.00,10271.89
2024-05-25,8417.53,8336.77,10000.00,10271.89
2024-05-26,10607.03,8363.26,10000.00,10271.89
2024-05-27,10607.03,8332.13,10000.00,10271.89
2024-05-28,10607.03,8309.90,10000.00,10271.89
2024-05-29,10607.03,10438.45,10000.00,10271.89
2024-05-30,10607.03,10438.45,10000.00,10271.89
2024-05-31,10607.03,10438.45,10000.00,10271.89
2024-06-01,10607.03,10438.45,10000.00,10271.89
2024-06-02,10607.03,10438.45,10000.00,10271.89
2024-06-03,10607.03,10438.45,10000.00,10271.89
2024-06-04,10607.03,10438.45,10000.00,10271.89
2024-06-05,10607.03,10438.45,10000.00,10271.89
2024-06-06,10607.03,8308.23,10000.00,10271.89
2024-06-07,8484.80,8307.44,10000.00,10271.89
2024-06-08,8495.07,8317.34,10000.00,10271.89
2024-06-09,8490.98,8313.39,10000.00,10271.89
2024-06-10,8424.09,8248.91,10000.00,10271.89
2024-06-11,8452.47,8276.27,10000.00,10271.89
2024-06-12,8406.43,10319.58,10000.00,10271.89
2024-06-13,8383.90,10319.58,10000.00,10271.89
2024-06-14,8389.49,10319.58,10000.00,10271.89
2024-06-15,8403.04,10319.58,10000.00,10271.89
2024-06-16,10694.20,10319.58,10000.00,10271.89
2024-06-17,10694.20,10319.58,10000.00,10271.89
2024-06-18,8548.56,10319.58,10000.00,10271.89
2024-06-19,8545.18,10319.58,10000.00,10271.89
2024-06-20,8521.26,10319.58,10000.00,10271.89
2024-06-21,8525.56,8259.88,10000.00,10271.89
2024-06-22,10629.30,8225.46,10000.00,10271.89
2024-06-23,10629.30,8131.79,10000.00,10271.89
2024-06-24,10629.30,10394.35,10000.00,9237.96
2024-06-25,10629.30,8282.77,10000.00,9220.85
2024-06-26,10629.30,8309.88,10000.00,9235.03
2024-06-27,10629.30,8265.95,10000.00,9212.05
2024-06-28,10629.30,8285.50,10000.00,9222.27
2024-06-29,10629.30,8345.39,10000.00,9253.61
2024-06-30,10629.30,8350.62,10000.00,9256.35
2024-07-01,10629.30,8323.82,10000.00,9242.32
2024-07-02,10629.30,8260.33,10000.00,9209.11
2024-07-03,10519.18,8155.50,10000.00,10328.74
2024-07-04,10519.18,10567.61,10000.00,9168.20
2024-07-05,10519.18,8514.13,10000.00,9200.72
2024-07-06,10519.18,8425.00,10000.00,9152.45
2024-07-07,10519.18,8456.46,10000.00,9169.49
2024-07-08,10519.18,8506.36,10000.00,9196.51
2024-07-09,10519.18,8494.36,10000.00,9190.02
2024-07-10,10519.18,8480.30,10000.00,9182.40
2024-07-11,10519.18,8501.37,10000.00,9193.81
2024-07-12,10519.18,8550.53,10000.00,9220.43
2024-07-13,10519.18,8609.77,10000.00,10252.41
2024-07-14,10519.18,10264.67,10000.00,10252.41
2024-07-15,10519.18,10264.67,10000.00,10252.41
2024-07-16,10519.18,10264.67,10000.00,10252.41
2024-07-17,10519.18,10264.67,10000.00,10252.41
2024-07-18,10519.18,10264.67,10000.00,10252.41
2024-07-19,10519.18,10264.67,10000.00,9221.70
2024-07-20,10487.45,10264.67,10000.00,9237.46
2024-07-21,10487.45,10264.67,10000.00,9227.99
2024-07-22,8339.42,10264.67,10000.00,9202.66
2024-07-23,10555.50,10264.67,10000.00,9193.88
2024-07-24,10555.50,10264.67,10000.00,9200.39
2024-07-25,10555.50,8278.23,10000.00,9233.55
2024-07-26,10555.50,8277.59,10000.00,9233.23
2024-07-27,8455.22,8288.45,10000.00,9238.64
2024-07-28,8409.52,10295.52,10000.00,10253.56
2024-07-29,8390.79,8217.83,10000.00,10253.56
2024-07-30,10657.68,8169.66,10000.00,10253.56
2024-07-31,10657.68,8190.70,10000.00,10253.56
2024-08-01,10657.68,10130.24,10000.00,10253.56
2024-08-02,10657.68,10130.24,10000.00,10253.56
2024-08-03,10657.68,8019.27,7916.17,10253.56
2024-08-04,10657.68,7882.24,9780.90,10253.56
2024-08-05,10657.68,10284.55,9780.90,9586.81
2024-08-06,10657.68,8458.33,9780.90,9574.92
2024-08-07,10657.68,8669.14,9780.90,9659.25
2024-08-08,10657.68,8642.23,9780.90,9648.49
2024-08-09,10657.68,8644.54,9780.90,9649.41
2024-08-10,10657.68,8573.53,9780.90,9621.00
2024-08-11,10657.68,8593.91,9780.90,9629.15
2024-08-12,10657.68,8633.93,9780.90,9645.17
2024-08-13,10657.68,8572.67,9780.90,9620.66
2024-08-14,10657.68,8535.97,9780.90,10208.42
2024-08-15,10657.68,10193.67,9780.90,10208.42
2024-08-16,10657.68,8606.74,9780.90,10208.42
2024-08-17,10657.68,8577.92,9780.90,10208.42
2024-08-18,10657.68,8605.83,9780.90,10208.42
2024-08-19,10657.68,8593.94,9780.90,10208.42
2024-08-20,8603.54,8652.29,9780.90,10208.42
2024-08-21,8575.25,8630.95,9780.90,10208.42
2024-08-22,10474.95,8731.70,9780.90,10208.42
2024-08-23,10474.95,8734.23,9780.90,10208.42
2024-08-24,10474.95,8736.51,9780.90,10208.42
2024-08-25,8333.85,10085.95,9780.90,10208.42
2024-08-26,10632.17,10085.95,9780.90,10208.42
2024-08-27,10632.17,10085.95,9780.90,10208.42
2024-08-28,10632.17,10085.95,9780.90,10208.42
2024-08-29,10632.17,10085.95,9780.90,10208.42
2024-08-30,10632.17,10085.95,9780.90,10208.42
2024-08-31,10632.17,10085.95,9780.90,10208.42
2024-09-01,10632.17,10085.95,9780.90,10208.42
2024-09-02,10632.17,10085.95,9780.90,10208.42
2024-09-03,10632.17,10085.95,9780.90,10208.42
2024-09-04,8439.42,8005.85,9780.90,10208.42
2024-09-05,10484.68,7928.85,9780.90,10208.42
2024-09-06,10484.68,7936.28,9780.90,9220.32
2024-09-07,10484.68,7961.03,9780.90,9233.40
2024-09-08,10484.68,10117.93,9780.90,9273.43
2024-09-09,10484.68,8115.13,9780.90,9284.20
2024-09-10,10484.68,8104.91,9780.90,9278.91
2024-09-11,10484.68,8132.80,9780.90,9293.36
2024-09-12,10484.68,8218.19,9780.90,9337.63
2024-09-13,10484.68,8199.22,9780.90,9327.80
2024-09-14,10484.68,8168.22,9780.90,9311.73
2024-09-15,10484.68,8135.26,9780.90,10130.17
2024-09-16,10484.68,8210.15,9780.90,10130.17
2024-09-17,10484.68,8261.73,9780.90,10130.17
2024-09-18,10484.68,9908.43,9780.90,10130.17
2024-09-19,10484.68,9908.43,7832.43,8909.74
2024-09-20,8392.78,9908.43,7837.14,8912.69
2024-09-21,8400.22,9908.43,7844.11,8917.06
2024-09-22,8392.08,9908.43,7836.48,8912.28
2024-09-23,10449.35,7955.98,7865.52,8930.47
2024-09-24,10449.35,7920.57,7830.36,8908.44
2024-09-25,10381.87,7984.36,7893.70,8948.12
2024-09-26,10381.87,8003.34,7912.55,8959.92
2024-09-27,8307.97,8005.79,9690.64,8961.45
2024-09-28,8299.87,7997.76,9690.64,10181.71
2024-09-29,10460.00,7925.89,9690.64,10181.71
2024-09-30,10460.00,7846.90,9690.64,10181.71
2024-10-01,10460.00,7842.27,9690.64,10181.71
2024-10-02,10460.00,9827.22,9690.64,10181.71
2024-10-03,8414.41,9827.22,9690.64,10181.71
2024-10-04,8413.21,9827.22,9690.64,10181.71
2024-10-05,10531.47,9827.22,9690.64,10181.71
2024-10-06,10531.47,9827.22,9690.64,10181.71
2024-10-07,10531.47,9827.22,9690.64,10181.71
2024-10-08,10531.47,9827.22,9690.64,10181.71
2024-10-09,8414.58,9827.22,9690.64,10181.71
2024-10-10,10598.65,9827.22,9690.64,10181.71
2024-10-11,10598.65,9827.22,9690.64,10181.71
2024-10-12,10598.65,9827.22,9690.64,10181.71
2024-10-13,10598.65,9827.22,9690.64,10181.71
2024-10-14,10598.65,9827.22,9690.64,10181.71
2024-10-15,10598.65,7877.90,9690.64,8529.01
2024-10-16,8472.46,7871.87,9690.64,8523.89
2024-10-17,10573.22,7901.66,9690.64,8549.16
2024-10-18,10573.22,7900.03,9690.64,8547.78
2024-10-19,10573.22,7919.11,9690.64,8563.95
2024-10-20,10573.22,7870.38,9690.64,8522.63
2024-10-21,8459.59,7871.32,9690.64,8523.43
2024-10-22,8435.18,7848.54,9690.64,8504.12
2024-10-23,8483.86,7893.98,9690.64,8542.64
2024-10-24,8434.08,9812.95,9690.64,10169.61
2024-10-25,8447.80,7863.24,9690.64,10169.61
2024-10-26,8477.01,7890.67,9690.64,10169.61
2024-10-27,10492.61,7949.06,9690.64,10169.61
2024-10-28,10492.61,8031.53,9690.64,8934.76
2024-10-29,10492.61,8019.99,9690.64,8927.55
2024-10-30,10492.61,9919.95,9690.64,8888.47
2024-10-31,10492.61,9919.95,9690.64,8874.97
2024-11-01,10492.61,9919.95,9690.64,8872.77
2024-11-02,10492.61,9919.95,9690.64,8861.60
2024-11-03,10492.61,9919.95,9690.64,8844.40
2024-11-04,10492.61,9919.95,9690.64,8873.21
2024-11-05,10492.61,9919.95,9690.64,8988.47
2024-11-06,10492.61,7943.27,9690.64,8993.60
2024-11-07,8411.78,7960.06,9690.64,10291.70
2024-11-08,8416.04,7964.10,9690.64,10291.70
2024-11-09,10368.04,8061.49,9690.64,10291.70
2024-11-10,10368.04,10263.93,9690.64,9319.04
2024-11-11,10368.04,8194.54,9690.64,9309.35
2024-11-12,10310.14,8251.39,9690.64,9342.51
2024-11-13,10310.14,8178.20,9690.64,10384.84
2024-11-14,10310.14,8264.35,9690.64,10384.84
2024-11-15,10310.14,8254.45,9690.64,10384.84
2024-11-16,10310.14,8237.02,9690.64,10384.84
2024-11-17,10310.14,8251.77,9690.64,10384.84
2024-11-18,10310.14,8295.79,9690.64,10384.84
2024-11-19,10266.38,8341.16,9690.64,10384.84
2024-11-20,10266.38,10487.76,9690.64,9704.80
2024-11-21,10266.38,8402.45,9690.64,9709.12
2024-11-22,8187.27,8375.90,9690.64,9699.74
2024-11-23,8192.52,8381.30,9690.64,9701.65
2024-11-24,10390.63,8274.78,9690.64,9664.01
2024-11-25,10390.63,8251.01,9690.64,9655.62
2024-11-26,10390.63,8337.39,9690.64,10396.72
2024-11-27,10390.63,8331.27,9690.64,10396.72
2024-11-28,10390.63,8370.49,9690.64,10396.72
2024-11-29,10390.63,8348.38,9690.64,10396.72
2024-11-30,10390.63,10463.04,9690.64,10396.72
2024-12-01,10390.63,8339.96,9690.64,10396.72
2024-12-02,10390.63,8341.43,9690.64,10396.72
2024-12-03,10390.63,8402.17,9690.64,10396.72
2024-12-04,10390.63,8365.64,9690.64,10396.72
2024-12-05,10390.63,8426.83,9690.64,10396.72
2024-12-06,10390.63,8427.44,9690.64,10396.72
2024-12-07,10390.63,8454.62,9690.64,10396.72
2024-12-08,10390.63,8371.77,9690.64,10396.72
2024-12-09,10390.63,8357.13,9690.64,10396.72
2024-12-10,10390.63,10547.51,9690.64,10396.72
2024-12-11,10390.63,8413.81,9690.64,10396.72
2024-12-12,8341.33,8442.74,9690.64,10396.72
2024-12-13,8340.78,8442.18,9690.64,10396.72
2024-12-14,10299.60,8505.16,9690.64,10396.72
2024-12-15,10299.60,8539.86,9690.64,10396.72
2024-12-16,10299.60,8540.92,9690.64,8859.91
2024-12-17,10415.90,8416.00,9690.64,8773.05
2024-12-18,10415.90,8358.34,9690.64,8732.96
2024-12-19,10415.90,8366.44,9690.64,8738.59
2024-12-20,8321.09,10464.56,9690.64,8730.68
2024-12-21,8275.81,10464.56,9690.64,8699.88
2024-12-22,8268.85,10464.56,9690.64,8695.14
2024-12-23,8350.57,10464.56,9690.64,8750.73
2024-12-24,8366.53,10464.56,9690.64,8761.59
2024-12-25,8288.21,10464.56,9690.64,10245.86
2024-12-26,8256.03,10464.56,9690.64,10245.86
2024-12-27,8276.70,10464.56,9690.64,10245.86
2024-12-28,8243.13,10464.56,9690.64,10245.86
2024-12-29,10306.74,10464.56,9690.64,10245.86
2024-12-30,10306.74,10464.56,9690.64,10245.86
2024-12-31,10306.74,10464.56,9690.64,10245.86
2025-01-01,10306.74,10464.56,9690.64,10245.86
2025-01-02,10306.74,10464.56,9690.64,10245.86
2025-01-03,10306.74,10464.56,9690.64,10245.86
2025-01-04,10306.74,10464.56,9690.64,10245.86
2025-01-05,10306.74,10464.56,9690.64,10245.86
2025-01-06,10306.74,10464.56,9690.64,10245.86
2025-01-07,10306.74,10464.56,9690.64,10245.86
2025-01-08,10306.74,10464.56,9690.64,10245.86
2025-01-09,10306.74,10464.56,9690.64,10245.86
2025-01-10,10306.74,10464.56,9690.64,10245.86
2025-01-11,10306.74,10464.56,9690.64,10245.86
2025-01-12,10306.74,10464.56,9690.64,10245.86
2025-01-13,10306.74,10464.56,9690.64,10245.86
2025-01-14,10306.74,10464.56,9690.64,10245.86
2025-01-15,10306.74,10464.56,9690.64,10245.86
2025-01-16,10306.74,10464.56,9690.64,10245.86
2025-01-17,10306.74,10464.56,9690.64,10245.86
2025-01-18,10306.74,10464.56,9690.64,10245.86
2025-01-19,10306.74,10464.56,9690.64,10245.86
2025-01-20,10306.74,10464.56,9690.64,10245.86
2025-01-21,10306.74,10464.56,9690.64,10245.86
2025-01-22,10306.74,10464.56,9690.64,10245.86
2025-01-23,10306.74,10464.56,9690.64,10245.86
2025-01-24,10306.74,10464.56,9690.64,10245.86
2025-01-25,10306.74,10464.56,9690.64,10245.86
2025-01-26,10306.74,10464.56,9690.64,10245.86
2025-01-27,10306.74,10464.56,9690.64,10245.86
2025-01-28,10306.74,10464.56,9690.64,10245.86
2025-01-29,10306.74,10464.56,9690.64,10245.86
2025-01-30,10306.74,10464.56,9690.64,10245.86
2025-01-31,10306.74,10464.56,9690.64,10245.86
2025-02-01,10306.74,10464.56,9690.64,10245.86
2025-02-02,10306.74,10464.56,9690.64,10245.86
2025-02-03,8204.93,10464.56,9690.64,10245.86
2025-02-04,8181.71,10464.56,9690.64,10245.86
2025-02-05,8180.32,10464.56,9690.64,10245.86
2025-02-06,8179.69,10464.56,9690.64,10245.86
2025-02-07,8178.55,10464.56,9690.64,10245.86
2025-02-08,8178.75,10464.56,9690.64,10245.86
2025-02-09,8198.20,8392.75,9690.64,10245.86
2025-02-10,8164.66,8356.36,9690.64,10245.86
2025-02-11,8206.52,8401.78,9690.64,10245.86
2025-02-12,10210.39,8374.84,9690.64,10245.86
2025-02-13,10210.39,8393.84,9690.64,10245.86
2025-02-14,10210.39,8395.74,9690.64,10245.86
2025-02-15,10210.39,8363.99,9690.64,10245.86
2025-02-16,10210.39,8356.57,9690.64,10245.86
2025-02-17,10210.39,8353.10,9690.64,10245.86
2025-02-18,8189.88,10461.19,9690.64,10245.86
2025-02-19,8226.28,10461.19,9690.64,10245.86
2025-02-20,8179.40,10461.19,9690.64,10245.86
2025-02-21,8188.59,8378.31,9690.64,10245.86
2025-02-22,8182.05,8371.65,9690.64,10245.86
2025-02-23,10122.97,8268.56,9690.64,10245.86
2025-02-24,10122.97,8204.86,9690.64,8131.15
2025-02-25,10122.97,10722.79,9690.64,8030.84
2025-02-26,10122.97,8591.71,9690.64,8042.68
2025-02-27,10122.97,8583.18,9690.64,8035.19
2025-02-28,8139.87,8627.23,9690.64,10368.68
2025-03-01,8337.35,10464.11,9690.64,10368.68
2025-03-02,10167.06,10464.11,9690.64,10368.68
2025-03-03,10167.06,8611.52,9690.64,10368.68
2025-03-04,10167.06,8684.60,9690.64,10368.68
2025-03-05,10167.06,8669.81,9690.64,10368.68
2025-03-06,10167.06,8600.88,9690.64,10368.68
2025-03-07,10167.06,8589.08,9690.64,10368.68
2025-03-08,10167.06,8469.17,9690.64,10368.68
2025-03-09,10167.06,8422.18,9690.64,10368.68
2025-03-10,10167.06,10534.67,9690.64,10368.68
2025-03-11,8151.94,9127.85,9690.64,10368.68
2025-03-12,8088.58,9083.62,9690.64,10368.68
2025-03-13,8160.04,9133.51,9690.64,10368.68
2025-03-14,8168.88,9139.68,9690.64,10368.68
2025-03-15,8125.14,9109.15,9690.64,10368.68
2025-03-16,8160.76,9134.02,9690.64,10368.68
2025-03-17,8128.68,9111.62,9690.64,10368.68
2025-03-18,8230.74,9182.87,9690.64,10368.68
2025-03-19,10197.93,9136.64,9690.64,10368.68
2025-03-20,10197.93,10515.13,9690.64,10368.68
2025-03-21,10197.93,8406.52,9690.64,10368.68
2025-03-22,10197.93,8462.92,9690.64,10368.68
2025-03-23,10197.93,8498.67,9690.64,10368.68
2025-03-24,10197.93,8496.65,9690.64,10368.68
2025-03-25,10197.93,8483.74,9690.64,10368.68
2025-03-26,10197.93,8491.12,9690.64,10368.68
2025-03-27,10197.93,8420.28,9690.64,10368.68
2025-03-28,10197.93,8376.21,9690.64,10368.68
2025-03-29,10197.93,8370.05,9690.64,10368.68
2025-03-30,10197.93,10553.18,9690.64,10368.68
2025-03-31,10197.93,10553.18,9690.64,10368.68
2025-04-01,10197.93,10553.18,9690.64,10368.68
2025-04-02,10197.93,8459.64,9690.64,10368.68
2025-04-03,10197.93,8477.59,9690.64,10368.68
2025-04-04,10197.93,8468.46,9690.64,10368.68
2025-04-05,10197.93,8337.00,9690.64,10368.68
2025-04-06,10197.93,8356.90,9690.64,10368.68
2025-04-07,8083.92,8283.00,9690.64,10368.68
2025-04-08,8247.10,8445.02,9690.64,10368.68
2025-04-09,8168.96,10628.30,9690.64,10368.68
2025-04-10,8267.69,10628.30,9690.64,10368.68
2025-04-11,8316.30,10628.30,9690.64,10368.68
2025-04-12,8276.58,10628.30,9690.64,10368.68
2025-04-13,8298.35,10628.30,9690.64,10368.68
2025-04-14,8274.19,10628.30,9690.64,10368.68
2025-04-15,8284.27,10628.30,9690.64,10368.68
2025-04-16,10347.41,10628.30,9690.64,10368.68
2025-04-17,10347.41,10628.30,9690.64,10368.68
2025-04-18,10347.41,10628.30,9690.64,10368.68
2025-04-19,10347.41,10628.30,9690.64,10368.68
2025-04-20,10347.41,10628.30,9690.64,10368.68
2025-04-21,10347.41,10628.30,9690.64,10368.68
2025-04-22,10347.41,10628.30,9690.64,9354.06
2025-04-23,8284.40,10628.30,9690.64,9357.25
2025-04-24,10325.73,8518.21,9690.64,9364.75
2025-04-25,10325.73,8517.13,9690.64,9364.23
2025-04-26,10325.73,8497.10,9690.64,9354.59
2025-04-27,10325.73,8525.53,9690.64,9368.27
2025-04-28,10325.73,8508.33,9690.64,9359.99
2025-04-29,10325.73,8506.34,9690.64,9359.04
2025-04-30,10325.73,8559.09,9690.64,9384.43
2025-05-01,10325.73,8568.26,9690.64,10406.14
2025-05-02,8238.81,8545.15,9690.64,10406.14
2025-05-03,10379.66,10636.70,9690.64,10406.14
2025-05-04,10379.66,8517.78,9690.64,10406.14
2025-05-05,10379.66,8564.39,9690.64,10406.14
2025-05-06,10379.66,8569.26,9690.64,10406.14
2025-05-07,10379.66,8709.14,9690.64,10406.14
2025-05-08,10379.66,8702.91,9690.64,9289.91
2025-05-09,10342.73,10871.53,9690.64,9309.66
2025-05-10,10342.73,8682.91,9690.64,9302.22
2025-05-11,10342.73,8655.49,9690.64,9287.97
2025-05-12,8301.03,8683.17,9690.64,9302.36
2025-05-13,8289.10,8670.87,9690.64,9295.96
2025-05-14,8294.01,8675.93,9690.64,9298.59
2025-05-15,8288.21,8669.96,9690.64,9295.49
2025-05-16,8281.37,8662.90,9690.64,9291.82
2025-05-17,10268.56,8731.96,9690.64,10440.96
2025-05-18,10268.56,8713.91,9690.64,10440.96
2025-05-19,8239.30,10914.30,9690.64,10440.96
2025-05-20,10189.19,8789.12,9690.64,10440.96
2025-05-21,10189.19,8830.42,9690.64,9062.93
2025-05-22,10189.19,8740.78,9690.64,9006.76
2025-05-23,10189.19,8749.90,9690.64,9012.48
2025-05-24,10189.19,10958.53,9690.64,9028.63
2025-05-25,10189.19,10958.53,9690.64,9034.00
2025-05-26,10189.19,8757.11,9690.64,9027.79
2025-05-27,10189.19,8733.99,9690.64,9013.01
2025-05-28,10189.19,8689.25,9690.64,8984.41
2025-05-29,10189.19,8658.26,9690.64,8964.61
2025-05-30,10189.19,8670.58,9690.64,10376.39
2025-05-31,10189.19,8691.56,9690.64,10376.39
2025-06-01,10189.19,8695.70,9690.64,10376.39
2025-06-02,10189.19,8686.46,9690.64,10376.39
2025-06-03,10189.19,8672.41,9690.64,10376.39
2025-06-04,10189.19,10800.74,9690.64,10376.39
2025-06-05,10189.19,10800.74,9690.64,8408.97
2025-06-06,10189.19,10800.74,9690.64,8433.53
2025-06-07,10189.19,10800.74,9690.64,8436.59
2025-06-08,10189.19,10800.74,9690.64,8526.69
2025-06-09,10189.19,10800.74,9690.64,8526.57
2025-06-10,10189.19,10800.74,9690.64,8494.31
2025-06-11,10189.19,10800.74,9690.64,8435.53
2025-06-12,10189.19,10800.74,9690.64,8443.40
2025-06-13,10189.19,10800.74,9690.64,8430.66
2025-06-14,10189.19,10800.74,9690.64,10295.82
2025-06-15,10189.19,10800.74,9690.64,10295.82
2025-06-16,10189.19,10800.74,9690.64,10295.82
2025-06-17,10189.19,10800.74,9690.64,10295.82
2025-06-18,10189.19,10800.74,9690.64,10295.82
2025-06-19,10189.19,10800.74,9690.64,10295.82
2025-06-20,10189.19,10800.74,9690.64,10295.82
2025-06-21,10189.19,10800.74,9690.64,10295.82
2025-06-22,8240.29,10800.74,9690.64,10295.82
2025-06-23,8254.60,10800.74,9690.64,10295.82
2025-06-24,10317.99,10800.74,9690.64,10295.82
2025-06-25,10317.99,10800.74,9690.64,10295.82
2025-06-26,10317.99,10800.74,9690.64,10295.82
2025-06-27,10317.99,10800.74,9690.64,10295.82
2025-06-28,10317.99,10800.74,9690.64,10295.82
2025-06-29,10317.99,10800.74,9690.64,10295.82
2025-06-30,10317.99,10800.74,9690.64,10295.82
2025-07-01,10317.99,10800.74,9690.64,10295.82
2025-07-02,10317.99,10800.74,9690.64,10295.82
2025-07-03,10317.99,10800.74,9690.64,10295.82
2025-07-04,10317.99,10800.74,9690.64,10295.82
2025-07-05,10317.99,10800.74,9690.64,10295.82
2025-07-06,10317.99,8621.67,9690.64,10295.82
2025-07-07,10317.99,8635.08,9690.64,10295.82
2025-07-08,10317.99,8681.29,9690.64,10295.82
2025-07-09,10317.99,8774.86,9690.64,8611.47
2025-07-10,10317.99,8805.52,9690.64,8635.98
2025-07-11,10317.99,8803.43,9690.64,8634.31
2025-07-12,10317.99,10996.39,9690.64,8660.54
2025-07-13,10317.99,8810.80,9690.64,8672.26
2025-07-14,10317.99,8772.20,9690.64,8639.20
2025-07-15,10317.99,8789.23,9690.64,8653.78
2025-07-16,10317.99,8799.98,9690.64,8662.99
2025-07-17,10317.99,8776.77,9690.64,8643.12
2025-07-18,10317.99,8774.69,9690.64,10400.49
2025-07-19,10317.99,8763.90,9690.64,10400.49
2025-07-20,10317.99,8765.99,9690.64,10400.49
2025-07-21,10317.99,8813.65,9690.64,10400.49
2025-07-22,10317.99,10990.51,9690.64,10400.49
2025-07-23,10317.99,8784.79,9690.64,10400.49
2025-07-24,10317.99,8770.86,9690.64,10400.49
2025-07-25,10317.99,8776.91,9690.64,10400.49
2025-07-26,10317.99,8804.61,9690.64,10400.49
2025-07-27,10317.99,8778.55,9690.64,10400.49
2025-07-28,10317.99,8776.37,9690.64,10400.49
2025-07-29,10317.99,8774.73,9690.64,10400.49
2025-07-30,10317.99,8736.10,9690.64,10400.49
2025-07-31,10317.99,8689.81,9690.64,10400.49
2025-08-01,10317.99,10874.64,9690.64,8307.22
2025-08-02,10317.99,10874.64,9690.64,8338.30
2025-08-03,8269.33,10874.64,9690.64,8353.49
2025-08-04,8252.38,10874.64,9690.64,8336.26
2025-08-05,8268.84,10874.64,9690.64,8352.99
2025-08-06,8313.70,10874.64,9690.64,8398.60
2025-08-07,8298.72,10874.64,9690.64,8383.37
2025-08-08,8295.26,10874.64,9690.64,8379.85
2025-08-09,10409.63,10874.64,9690.64,8431.47
2025-08-10,10409.63,10874.64,9690.64,10300.38
2025-08-11,10409.63,10874.64,9690.64,10300.38
2025-08-12,10409.63,10874.64,9690.64,10300.38
2025-08-13,10409.63,8611.87,9690.64,8157.10
2025-08-14,8310.97,10770.03,9690.64,8141.21
2025-08-15,8311.49,10770.03,9690.64,8141.70
2025-08-16,8311.81,10770.03,9690.64,8142.01
2025-08-17,8290.78,10770.03,9690.64,8122.04
2025-08-18,8230.62,10770.03,9690.64,8064.91
2025-08-19,8255.60,10770.03,9690.64,8088.63
2025-08-20,8223.95,10770.03,9690.64,8058.58
2025-08-21,10435.68,10770.03,9690.64,8132.35
2025-08-22,10435.68,10770.03,9690.64,10167.08
2025-08-23,10435.68,10770.03,9690.64,10167.08
2025-08-24,10435.68,10770.03,9690.64,10167.08
2025-08-25,10435.68,10770.03,9690.64,8633.18
2025-08-26,8338.67,10770.03,9690.64,8625.70
2025-08-27,8363.04,8641.29,9690.64,8644.16
2025-08-28,10371.98,8560.20,9690.64,8584.93
2025-08-29,10371.98,8568.72,9690.64,8591.16
2025-08-30,8286.91,8557.89,9690.64,8583.24
2025-08-31,8305.64,8576.91,9690.64,8597.13
2025-09-01,8343.56,8615.42,9690.64,8625.26
2025-09-02,10427.59,8625.21,9690.64,8632.41
2025-09-03,10427.59,8605.48,9690.64,10158.85
2025-09-04,10427.59,8604.41,9690.64,10158.85
2025-09-05,10427.59,10790.29,9690.64,10158.85
2025-09-06,10427.59,8650.11,9690.64,10158.85
2025-09-07,10427.59,8668.62,9690.64,10158.85
2025-09-08,10427.59,8658.05,9690.64,10158.85
2025-09-09,10427.59,8705.81,9690.64,10158.85
2025-09-10,10427.59,8736.14,9690.64,10158.85
2025-09-11,10427.59,8747.47,9690.64,10158.85
2025-09-12,10427.59,8744.64,9690.64,10158.85
2025-09-13,10427.59,8732.50,9690.64,10158.85
2025-09-14,10427.59,8733.47,9690.64,10158.85
2025-09-15,10427.59,10660.92,9690.64,10158.85
2025-09-16,10427.59,10660.92,9690.64,10158.85
2025-09-17,8353.50,10660.92,9690.64,10158.85
2025-09-18,8328.00,10660.92,9690.64,10158.85
2025-09-19,8328.97,10660.92,9690.64,10158.85
2025-09-20,8320.80,10660.92,9690.64,10158.85
2025-09-21,10494.56,10660.92,9690.64,10158.85
2025-09-22,10494.56,10660.92,9690.64,10158.85
2025-09-23,10494.56,10660.92,9690.64,10158.85
2025-09-24,10494.56,10660.92,9690.64,10158.85
2025-09-25,10494.56,8541.69,9690.64,8139.43
2025-09-26,10494.56,8541.76,9690.64,8139.49
2025-09-27,10494.56,8590.62,9690.64,8186.05
2025-09-28,10494.56,10556.40,9690.64,8226.67
2025-09-29,10494.56,10556.40,9690.64,8220.55
2025-09-30,10494.56,10556.40,9690.64,9979.90
2025-10-01,10494.56,10556.40,9690.64,9979.90
2025-10-02,10494.56,10556.40,9690.64,8011.85
2025-10-03,10494.56,8447.48,9690.64,8014.11
2025-10-04,10494.56,8466.12,9690.64,8031.98
2025-10-05,8415.83,8486.62,9690.64,8051.63
2025-10-06,8359.61,8429.51,9690.64,7996.89
2025-10-07,8392.65,8463.07,9690.64,8029.06
2025-10-08,8364.70,8434.68,9690.64,8001.84
2025-10-09,10673.57,10395.53,9690.64,7857.64
2025-10-10,10673.57,10395.53,9690.64,7820.92
2025-10-11,10673.57,10395.53,9690.64,9888.14
2025-10-12,10673.57,10395.53,9690.64,9888.14
2025-10-13,10673.57,10395.53,9690.64,9888.14
2025-10-14,10673.57,10395.53,9690.64,9888.14
2025-10-15,10673.57,10395.53,9690.64,9888.14
2025-10-16,10673.57,8283.25,9690.64,9888.14
2025-10-17,10673.57,8297.53,9690.64,9888.14
2025-10-18,10673.57,8325.83,9690.64,9888.14
2025-10-19,10673.57,8361.98,9690.64,9888.14
2025-10-20,10673.57,8319.78,9690.64,9888.14
2025-10-21,10673.57,8304.74,9690.64,9888.14
2025-10-22,10673.57,8352.98,9690.64,9888.14
2025-10-23,10673.57,8370.88,9690.64,9888.14
2025-10-24,10673.57,8382.89,9690.64,9888.14
2025-10-25,10673.57,10273.58,9690.64,9888.14
2025-10-26,10673.57,10273.58,9690.64,9888.14
2025-10-27,10673.57,10273.58,9690.64,9888.14
2025-10-28,10673.57,10273.58,9690.64,9888.14
2025-10-29,10673.57,10273.58,9690.64,9888.14
2025-10-30,10673.57,10273.58,9690.64,9888.14
2025-10-31,10673.57,10273.58,9690.64,9888.14
2025-11-01,10673.57,10273.58,9690.64,9888.14
2025-11-02,10673.57,10273.58,9690.64,9888.14
2025-11-03,10673.57,10273.58,9690.64,9888.14
2025-11-04,10673.57,8267.46,9690.64,8573.11
2025-11-05,10673.57,8215.01,9690.64,8538.73
2025-11-06,10673.57,8255.47,9690.64,8565.25
2025-11-07,10673.57,8235.29,9690.64,8552.03
2025-11-08,10673.57,8284.22,9690.64,8584.10
2025-11-09,10673.57,8309.87,9690.64,8600.91
2025-11-10,10673.57,8250.05,9690.64,8561.70
2025-11-11,10673.57,8222.24,9690.64,8543.47
2025-11-12,10673.57,8181.43,9690.64,8516.72
2025-11-13,10673.57,10414.51,9690.64,9980.52
2025-11-14,10673.57,8354.16,9690.64,9126.81
2025-11-15,10673.57,8325.28,9690.64,9114.84
2025-11-16,10625.93,8278.94,9690.64,9095.64
2025-11-17,10625.93,8296.67,9690.64,9102.99
2025-11-18,8467.29,8264.43,9690.64,9089.63
2025-11-19,10479.77,8155.82,9690.64,9044.63
2025-11-20,10479.77,8123.52,9690.64,9031.24
2025-11-21,10479.77,8114.91,9690.64,9027.68
2025-11-22,10479.77,10584.36,9690.64,10050.89
2025-11-23,10479.77,8569.55,9690.64,10050.89
2025-11-24,10479.77,8547.18,9690.64,10050.89
2025-11-25,10479.77,8621.45,9690.64,10050.89
2025-11-26,10479.77,8641.28,9690.64,10050.89
2025-11-27,10479.77,8631.61,9690.64,10050.89
2025-11-28,10479.77,8629.84,9690.64,10050.89
2025-11-29,10479.77,8618.95,9690.64,10050.89
2025-11-30,10479.77,8522.67,9690.64,10050.89
2025-12-01,10601.51,8640.99,9690.64,10050.89
2025-12-02,10601.51,10427.60,9690.64,10050.89
2025-12-03,10601.51,10427.60,9690.64,10050.89
2025-12-04,10601.51,10427.60,9690.64,10050.89
2025-12-05,10601.51,10427.60,9690.64,10050.89
2025-12-06,10601.51,10427.60,9690.64,10050.89
2025-12-07,10601.51,10427.60,9690.64,10050.89
2025-12-08,10601.51,10427.60,9690.64,10050.89
2025-12-09,10601.51,10427.60,9690.64,10050.89
2025-12-10,10601.51,10427.60,9690.64,10050.89
2025-12-11,10601.51,10427.60,9690.64,10050.89
2025-12-12,10601.51,10427.60,9690.64,10050.89
2025-12-13,10601.51,10427.60,9690.64,10050.89
2025-12-14,10601.51,8300.73,9690.64,10050.89
2025-12-15,10601.51,8334.56,9690.64,10050.89
2025-12-16,10601.51,8296.04,9690.64,10050.89
2025-12-17,10601.51,8278.43,9690.64,10050.89
2025-12-18,10666.71,8340.60,9690.64,10050.89
2025-12-19,10666.71,8346.13,9690.64,10050.89
2025-12-20,10666.71,8353.39,9690.64,10050.89
2025-12-21,10666.71,8351.48,9690.64,10050.89
2025-12-22,10666.71,8324.84,9690.64,10050.89
2025-12-23,10666.71,10440.60,9690.64,10050.89
2025-12-24,10666.71,8342.07,9690.64,10050.89
2025-12-25,10666.71,8345.21,9690.64,10050.89
2025-12-26,10666.71,8357.32,9690.64,10050.89
2025-12-27,10666.71,8358.83,9690.64,10050.89
2025-12-28,10666.71,8340.87,9690.64,10050.89
2025-12-29,8564.64,8371.31,9690.64,10050.89
2025-12-30,8542.81,8350.07,9690.64,10050.89
2025-12-31,8572.77,8379.23,9690.64,10050.89
2026-01-01,8602.56,8408.22,9690.64,10050.89
2026-01-02,10581.86,10369.61,9690.64,10050.89
2026-01-03,10581.86,10369.61,9690.64,10050.89
2026-01-04,10581.86,10369.61,9690.64,10050.89
2026-01-05,10581.86,10369.61,9690.64,8050.29
2026-01-06,10581.86,10369.61,9690.64,7998.52
2026-01-07,10581.86,10369.61,9690.64,7993.11
2026-01-08,10581.86,10369.61,9690.64,7982.29
2026-01-09,10581.86,10369.61,9690.64,7979.46
2026-01-10,10581.86,10369.61,9690.64,7989.96
2026-01-11,10581.86,10369.61,9690.64,7996.65
2026-01-12,10581.86,10369.61,9690.64,8085.48
2026-01-13,10581.86,8329.85,9690.64,8118.91
2026-01-14,10581.86,8300.25,9690.64,10087.33
2026-01-15,10581.86,8298.89,9690.64,10087.33
2026-01-16,10581.86,8290.11,9690.64,10087.33
2026-01-17,10581.86,8258.03,9690.64,10087.33
2026-01-18,10581.86,8234.70,9690.64,10087.33
2026-01-19,10581.86,10216.43,9690.64,10087.33
2026-01-20,10581.86,10216.43,9690.64,10087.33
2026-01-21,10581.86,10216.43,9690.64,10087.33
2026-01-22,10581.86,10216.43,9690.64,10087.33
2026-01-23,10581.86,10216.43,9690.64,10087.33
2026-01-24,10581.86,10216.43,9690.64,10087.33
2026-01-25,10581.86,10216.43,9690.64,10087.33
2026-01-26,10581.86,8193.09,9690.64,10087.33
2026-01-27,10581.86,8194.16,9690.64,10087.33
2026-01-28,10581.86,8086.43,9690.64,10087.33
2026-01-29,10581.86,8077.33,9690.64,8810.16
2026-01-30,10444.23,7950.69,9690.64,8727.88
2026-01-31,10444.23,10479.47,9690.64,8701.52
2026-02-01,8403.72,8432.06,9690.64,10175.13
2026-02-02,8321.93,8350.00,9690.64,10175.13
2026-02-03,10338.61,8277.59,9690.64,10175.13
2026-02-04,10049.49,10863.68,9690.64,10175.13
2026-02-05,10049.49,9501.65,9690.64,9833.31
2026-02-06,8670.41,9470.09,9690.64,9825.39
2026-02-07,8690.34,9495.75,9690.64,9831.83
2026-02-08,8686.73,9491.10,9690.64,9830.66
2026-02-09,8661.73,9458.91,9690.64,9822.58
2026-02-10,8627.79,9415.21,9690.64,9811.61
2026-02-11,8612.06,9394.97,9690.64,9806.53
2026-02-12,8661.91,9459.14,9690.64,9822.64
2026-02-13,8680.62,9483.23,9690.64,9828.68
2026-02-14,8661.60,10715.61,9690.64,10137.97
2026-02-15,10017.49,9184.99,9690.64,10137.97
2026-02-16,10017.49,9154.00,9690.64,10137.97
2026-02-17,10017.49,9130.76,9690.64,10137.97
2026-02-18,10017.49,9143.00,9690.64,10137.97
2026-02-19,10017.49,10733.50,9690.64,10137.97
2026-02-20,10017.49,8585.79,9690.64,10137.97
2026-02-21,10017.49,8575.12,9690.64,10137.97
2026-02-22,10017.49,8480.90,9690.64,10137.97
2026-02-23,10017.49,8462.82,9690.64,10137.97
2026-02-24,10140.36,8586.87,9690.64,10137.97
2026-02-25,10140.36,8571.05,9690.64,10137.97
2026-02-26,10140.36,10800.64,9690.64,10137.97
2026-02-27,10140.36,10800.64,9690.64,10137.97
2026-02-28,10140.36,8601.46,9690.64,10137.97
2026-03-01,10140.36,8700.06,9690.64,10137.97
2026-03-02,10140.36,8684.13,9690.64,10137.97
2026-03-03,10140.36,10616.83,9690.64,10137.97
2026-03-04,10140.36,10616.83,9690.64,8647.54
2026-03-05,10140.36,10616.83,9690.64,8592.06
2026-03-06,10140.36,10616.83,9690.64,8575.07
2026-03-07,10140.36,10616.83,9690.64,8549.31
2026-03-08,10140.36,10616.83,9690.64,8598.62
2026-03-09,10140.36,10616.83,9690.64,8629.09
2026-03-10,10140.36,10616.83,9690.64,8633.97
2026-03-11,10140.36,10616.83,9690.64,8640.43
2026-03-12,10140.36,10616.83,9690.64,8648.71
2026-03-13,8120.35,10616.83,9690.64,10108.73
2026-03-14,8166.24,10616.83,9690.64,10108.73
2026-03-15,10027.64,10616.83,9690.64,10108.73
2026-03-16,10027.64,10616.83,9690.64,10108.73
2026-03-17,7949.20,10616.83,9690.64,10108.73
2026-03-18,7913.13,10616.83,9690.64,10108.73
2026-03-19,7929.01,10616.83,9690.64,10108.73
2026-03-20,10163.99,10616.83,9690.64,10108.73
2026-03-21,10163.99,10616.83,9690.64,10108.73
2026-03-22,10163.99,10616.83,9690.64,10108.73
2026-03-23,10163.99,10616.83,9690.64,10108.73
2026-03-24,10163.99,10616.83,9690.64,10108.73
2026-03-25,10235.94,10616.83,9690.64,10108.73
2026-03-26,10235.94,10616.83,9690.64,10108.73
2026-03-27,10235.94,10616.83,9690.64,10108.73
2026-03-28,10235.94,10616.83,9690.64,10108.73
2026-03-29,8212.85,8518.46,9690.64,10108.73
2026-03-30,10306.27,8566.41,9690.64,10108.73
2026-03-31,10306.27,8562.36,9690.64,10108.73
2026-04-01,10306.27,8523.31,9690.64,10108.73
2026-04-02,10306.27,8525.19,9690.64,10108.73
2026-04-03,10306.27,8536.06,9690.64,10108.73
2026-04-04,10306.27,8591.20,9690.64,10108.73
2026-04-05,10306.27,8586.33,9690.64,10108.73
2026-04-06,10306.27,10425.32,9690.64,10108.73
2026-04-07,10306.27,10425.32,9690.64,10108.73
2026-04-08,10306.27,10425.32,9690.64,10108.73
2026-04-09,10306.27,10425.32,9690.64,10108.73
2026-04-10,8247.48,8342.75,9690.64,10108.73
2026-04-11,10369.53,8276.26,9690.64,10108.73
2026-04-12,10369.53,8381.80,9690.64,10108.73
2026-04-13,10369.53,8374.15,9690.64,8516.12
2026-04-14,8313.93,8392.85,9690.64,8530.07
2026-04-15,8323.31,8402.43,9690.64,8537.23
2026-04-16,10287.74,8457.71,9690.64,8578.48
2026-04-17,10287.74,8418.58,9690.64,8549.28
2026-04-18,10287.74,10449.14,9690.64,8508.61
2026-04-19,10287.74,8417.08,9690.64,8552.11
2026-04-20,10287.74,8430.79,9690.64,8562.43
2026-04-21,10287.74,8483.45,9690.64,8602.08
2026-04-22,8232.15,8485.55,9690.64,10190.56
2026-04-23,8210.57,8462.33,9690.64,10190.56
2026-04-24,8215.37,8467.49,9690.64,10190.56
2026-04-25,8242.41,8496.59,9690.64,10190.56
2026-04-26,8208.20,8459.79,9690.64,10190.56
2026-04-27,8180.75,10520.08,9690.64,10190.56
2026-04-28,8165.71,8400.30,9690.64,10190.56
2026-04-29,8180.45,8415.74,9690.64,10190.56
2026-04-30,8230.71,8468.41,9690.64,10190.56
2026-05-01,10275.45,8480.75,9690.64,10190.56
2026-05-02,10275.45,8477.43,9690.64,10190.56
2026-05-03,10241.66,8513.03,9690.64,10190.56
2026-05-04,10241.66,8542.21,9690.64,8179.47
2026-05-05,10241.66,8556.76,9690.64,8192.94
2026-05-06,8157.39,8517.37,9690.64,8156.47
2026-05-07,8162.08,10626.53,9690.64,8161.23
2026-05-08,8173.88,8513.65,9690.64,8173.20
2026-05-09,8212.42,8554.27,9690.64,8212.32
2026-05-10,8200.73,8541.95,9690.64,8200.45
2026-05-11,8169.46,8509.00,9690.64,8168.72
2026-05-12,8139.41,8477.34,9690.64,8138.23
2026-05-13,8152.28,8490.90,9690.64,10189.40
